-- =============================================================================
-- FlyTAU Seed Data
-- =============================================================================
-- 
-- Quick rules:
-- - Big planes (with business class): 3 pilots + 6 attendants
-- - Small planes (economy only): 2 pilots + 3 attendants
-- - Long flights (over 6 hours): need a big plane and trained crew
-- - Planes and crew are available again once they're back at TLV
-- =============================================================================

USE flytau;

-- =============================================================================
-- AIRPORTS - coordinates are for calculating flight distances
-- =============================================================================
INSERT IGNORE INTO Airports (Code, Name, City, Country, Latitude, Longitude) VALUES
-- Middle East
('TLV', 'Ben Gurion International Airport', 'Tel Aviv', 'Israel', 32.0114, 34.8855),
('DXB', 'Dubai International Airport', 'Dubai', 'UAE', 25.2532, 55.3657),
('AUH', 'Abu Dhabi International Airport', 'Abu Dhabi', 'UAE', 24.4330, 54.6511),
('DOH', 'Hamad International Airport', 'Doha', 'Qatar', 25.2731, 51.6081),
('RUH', 'King Khalid International Airport', 'Riyadh', 'Saudi Arabia', 24.9578, 46.6989),
('JED', 'King Abdulaziz International Airport', 'Jeddah', 'Saudi Arabia', 21.6796, 39.1566),
('AMM', 'Queen Alia International Airport', 'Amman', 'Jordan', 31.7226, 35.9932),
('CAI', 'Cairo International Airport', 'Cairo', 'Egypt', 30.1219, 31.4056),
('IST', 'Istanbul Airport', 'Istanbul', 'Turkey', 41.2753, 28.7519),
('BEY', 'Beirut-Rafic Hariri International Airport', 'Beirut', 'Lebanon', 33.8209, 35.4884),
('BAH', 'Bahrain International Airport', 'Manama', 'Bahrain', 26.2708, 50.6336),
('KWI', 'Kuwait International Airport', 'Kuwait City', 'Kuwait', 29.2266, 47.9689),
('MCT', 'Muscat International Airport', 'Muscat', 'Oman', 23.5933, 58.2844),
('LCA', 'Larnaca International Airport', 'Larnaca', 'Cyprus', 34.8754, 33.6249),
-- Europe
('LHR', 'Heathrow Airport', 'London', 'United Kingdom', 51.4700, -0.4543),
('CDG', 'Charles de Gaulle Airport', 'Paris', 'France', 49.0097, 2.5479),
('FRA', 'Frankfurt Airport', 'Frankfurt', 'Germany', 50.0379, 8.5622),
('AMS', 'Amsterdam Schiphol Airport', 'Amsterdam', 'Netherlands', 52.3105, 4.7683),
('FCO', 'Leonardo da Vinci International Airport', 'Rome', 'Italy', 41.8003, 12.2389),
('MAD', 'Adolfo Suarez Madrid-Barajas Airport', 'Madrid', 'Spain', 40.4983, -3.5676),
('BCN', 'Barcelona-El Prat Airport', 'Barcelona', 'Spain', 41.2974, 2.0833),
('ATH', 'Athens International Airport', 'Athens', 'Greece', 37.9364, 23.9445),
('VIE', 'Vienna International Airport', 'Vienna', 'Austria', 48.1103, 16.5697),
('ZRH', 'Zurich Airport', 'Zurich', 'Switzerland', 47.4582, 8.5555),
('MUC', 'Munich Airport', 'Munich', 'Germany', 48.3537, 11.7750),
('CPH', 'Copenhagen Airport', 'Copenhagen', 'Denmark', 55.6180, 12.6508),
('PRG', 'Vaclav Havel Airport Prague', 'Prague', 'Czech Republic', 50.1008, 14.2600),
-- Americas
('JFK', 'John F. Kennedy International Airport', 'New York', 'USA', 40.6413, -73.7781),
('LAX', 'Los Angeles International Airport', 'Los Angeles', 'USA', 33.9416, -118.4085),
('MIA', 'Miami International Airport', 'Miami', 'USA', 25.7959, -80.2870),
('ORD', 'O''Hare International Airport', 'Chicago', 'USA', 41.9742, -87.9073),
('SFO', 'San Francisco International Airport', 'San Francisco', 'USA', 37.6213, -122.3790),
('YYZ', 'Toronto Pearson International Airport', 'Toronto', 'Canada', 43.6777, -79.6248),
('GRU', 'Sao Paulo/Guarulhos International Airport', 'Sao Paulo', 'Brazil', -23.4356, -46.4731),
('MEX', 'Mexico City International Airport', 'Mexico City', 'Mexico', 19.4361, -99.0719),
-- Asia Pacific
('HND', 'Haneda Airport', 'Tokyo', 'Japan', 35.5494, 139.7798),
('NRT', 'Narita International Airport', 'Tokyo', 'Japan', 35.7720, 140.3929),
('SIN', 'Singapore Changi Airport', 'Singapore', 'Singapore', 1.3644, 103.9915),
('HKG', 'Hong Kong International Airport', 'Hong Kong', 'China', 22.3080, 113.9185),
('PEK', 'Beijing Capital International Airport', 'Beijing', 'China', 40.0799, 116.6031),
('PVG', 'Shanghai Pudong International Airport', 'Shanghai', 'China', 31.1443, 121.8083),
('ICN', 'Incheon International Airport', 'Seoul', 'South Korea', 37.4602, 126.4407),
('BKK', 'Suvarnabhumi Airport', 'Bangkok', 'Thailand', 13.6900, 100.7501),
('DEL', 'Indira Gandhi International Airport', 'New Delhi', 'India', 28.5562, 77.1000),
('BOM', 'Chhatrapati Shivaji International Airport', 'Mumbai', 'India', 19.0896, 72.8656),
('SYD', 'Sydney Kingsford Smith Airport', 'Sydney', 'Australia', -33.9399, 151.1753),
('MEL', 'Melbourne Airport', 'Melbourne', 'Australia', -37.6690, 144.8410),
-- Africa
('JNB', 'O.R. Tambo International Airport', 'Johannesburg', 'South Africa', -26.1367, 28.2411),
('CPT', 'Cape Town International Airport', 'Cape Town', 'South Africa', -33.9715, 18.6021),
('ADD', 'Addis Ababa Bole International Airport', 'Addis Ababa', 'Ethiopia', 8.9779, 38.7993),
('NBO', 'Jomo Kenyatta International Airport', 'Nairobi', 'Kenya', -1.3192, 36.9278);

-- Disable foreign keys temporarily to allow truncating linked tables
SET FOREIGN_KEY_CHECKS = 0;

TRUNCATE TABLE Managers_edits_Flights;
TRUNCATE TABLE FlightAttendant_has_Flights;
TRUNCATE TABLE Pilot_has_Flights;
TRUNCATE TABLE Tickets;
TRUNCATE TABLE orders;
TRUNCATE TABLE Flights;
TRUNCATE TABLE Airplanes;
TRUNCATE TABLE Pilot;
TRUNCATE TABLE FlightAttendant;
TRUNCATE TABLE RegisteredCustomer;
TRUNCATE TABLE GuestCustomer;
TRUNCATE TABLE Managers;

SET FOREIGN_KEY_CHECKS = 1;

-- -----------------------------------------------------------------------------
-- MANAGERS (both have password 'password123')
-- -----------------------------------------------------------------------------
INSERT INTO Managers (ManagerId, Password, FirstName, SecondName, PhoneNum, JoinDate, Street, City, HouseNum) VALUES
('M001', '$2b$12$iprkA2Ulb3EIipYD.lErfOrsM4L4rR.tME9Uqiy6zTpVszd3dOTN6', 'David', 'Cohen', '["972-54-1234567"]', '2018-05-01', 'Main St', 'Tel Aviv', '10'),
('M002', '$2b$12$iprkA2Ulb3EIipYD.lErfOrsM4L4rR.tME9Uqiy6zTpVszd3dOTN6', 'Sarah', 'Levi', '["972-50-7654321"]', '2019-09-15', 'Derech Ben Gurion', 'Jerusalem', '20')
AS new_m
ON DUPLICATE KEY UPDATE
  Password = new_m.Password,
  FirstName = new_m.FirstName,
  SecondName = new_m.SecondName,
  PhoneNum = new_m.PhoneNum,
  JoinDate = new_m.JoinDate,
  Street = new_m.Street,
  City = new_m.City,
  HouseNum = new_m.HouseNum;

-- -----------------------------------------------------------------------------
-- PILOTS (16 total, 10 flying and 6 spare at TLV)
-- P001-P006 can do long flights, P007-P016 are short-haul only
-- -----------------------------------------------------------------------------
INSERT INTO Pilot (Id, FirstName, SecondName, PhoneNum, LongFlightsTraining, JoinDate, Street, City, HouseNum) VALUES
-- Assigned pilots (will fly scheduled flights)
('P001', 'Yossi', 'Mizrahi', '["972-52-1111111"]', TRUE, '2016-02-01', 'Pilot Ave', 'Tel Aviv', '12'),
('P002', 'Avi', 'Goldberg', '["972-54-2222222"]', TRUE, '2016-03-10', 'Pilot Ave', 'Tel Aviv', '14'),
('P003', 'Moshe', 'Peretz', '["972-50-3333333"]', TRUE, '2017-05-20', 'Aviation Rd', 'Tel Aviv', '16'),
('P004', 'Dan', 'Shapiro', '["972-52-4444444"]', TRUE, '2018-01-15', 'Aviation Rd', 'Tel Aviv', '18'),
('P005', 'Eitan', 'Rosen', '["972-54-5555555"]', TRUE, '2019-06-30', 'Pilot St', 'Haifa', '4'),
('P006', 'Uri', 'Katz', '["972-50-6666666"]', TRUE, '2015-12-01', 'Pilot St', 'Haifa', '6'),
('P007', 'Noam', 'Ben-David', '["972-52-7777777"]', FALSE, '2020-07-01', 'Crew Ln', 'Netanya', '3'),
('P008', 'Gal', 'Friedman', '["972-54-8888888"]', FALSE, '2021-04-12', 'Crew Ln', 'Netanya', '5'),
('P009', 'Oren', 'Levy', '["972-50-9999999"]', FALSE, '2019-09-09', 'Air St', 'Ramat Gan', '8'),
('P010', 'Tal', 'Avraham', '["972-52-1010101"]', FALSE, '2020-11-11', 'Air St', 'Ramat Gan', '10'),
-- Unassigned pilots at TLV base (6 new - 4 with long flight training = 2/3)
('P011', 'Alon', 'Baruch', '["972-52-1111101"]', TRUE, '2020-03-15', 'Ben Gurion St', 'Tel Aviv', '22'),
('P012', 'Benny', 'Carmel', '["972-54-1212101"]', TRUE, '2019-07-20', 'Ben Gurion St', 'Tel Aviv', '24'),
('P013', 'Chaim', 'Dayan', '["972-50-1313101"]', TRUE, '2021-01-10', 'Airport Rd', 'Tel Aviv', '26'),
('P014', 'David', 'Eyal', '["972-52-1414101"]', TRUE, '2020-09-05', 'Airport Rd', 'Tel Aviv', '28'),
('P015', 'Ehud', 'Fein', '["972-54-1515101"]', FALSE, '2022-02-28', 'Hashalom St', 'Tel Aviv', '30'),
('P016', 'Felix', 'Golan', '["972-50-1616101"]', FALSE, '2021-06-15', 'Hashalom St', 'Tel Aviv', '32')
AS new_p
ON DUPLICATE KEY UPDATE
  FirstName = new_p.FirstName,
  SecondName = new_p.SecondName,
  PhoneNum = new_p.PhoneNum,
  LongFlightsTraining = new_p.LongFlightsTraining,
  JoinDate = new_p.JoinDate,
  Street = new_p.Street,
  City = new_p.City,
  HouseNum = new_p.HouseNum;

-- -----------------------------------------------------------------------------
-- FLIGHT ATTENDANTS (32 total, 20 flying and 12 spare at TLV)
-- A001-A012 can do long flights, the rest are short-haul only
-- -----------------------------------------------------------------------------
INSERT INTO FlightAttendant (Id, FirstName, SecondName, PhoneNum, LongFlightsTraining, JoinDate, Street, City, HouseNum) VALUES
-- Assigned flight attendants (will fly scheduled flights)
('A001', 'Maya', 'Stern', '["972-50-1111111"]', TRUE, '2017-03-01', 'Cabin Rd', 'Tel Aviv', '2'),
('A002', 'Noa', 'Klein', '["972-52-1212121"]', TRUE, '2018-04-10', 'Cabin Rd', 'Tel Aviv', '4'),
('A003', 'Shira', 'Wolf', '["972-54-1313131"]', TRUE, '2017-05-12', 'Service St', 'Haifa', '6'),
('A004', 'Yael', 'Berger', '["972-50-1414141"]', TRUE, '2019-01-20', 'Service St', 'Haifa', '8'),
('A005', 'Tamar', 'Fischer', '["972-52-1515151"]', TRUE, '2019-06-05', 'Cabin Ave', 'Netanya', '3'),
('A006', 'Liora', 'Schwartz', '["972-54-1616161"]', TRUE, '2016-07-07', 'Cabin Ave', 'Netanya', '5'),
('A007', 'Dana', 'Weiss', '["972-50-1717171"]', TRUE, '2018-10-10', 'Crew St', 'Beersheba', '11'),
('A008', 'Ronit', 'Newman', '["972-52-1818181"]', TRUE, '2020-02-02', 'Crew St', 'Beersheba', '13'),
('A009', 'Michal', 'Gross', '["972-54-1919191"]', TRUE, '2017-08-08', 'Flight Rd', 'Ramat Gan', '7'),
('A010', 'Efrat', 'Blum', '["972-50-2020202"]', TRUE, '2018-11-11', 'Flight Rd', 'Ramat Gan', '9'),
('A011', 'Hila', 'Marcus', '["972-52-2121212"]', TRUE, '2016-12-12', 'Service Ln', 'Herzliya', '2'),
('A012', 'Keren', 'Simon', '["972-54-2222223"]', TRUE, '2019-03-03', 'Service Ln', 'Herzliya', '4'),
('A013', 'Inbar', 'Green', '["972-50-2323232"]', FALSE, '2021-01-01', 'Cabin Ct', 'Ramla', '1'),
('A014', 'Amit', 'Silver', '["972-52-2424242"]', FALSE, '2021-05-05', 'Cabin Ct', 'Ramla', '3'),
('A015', 'Sivan', 'Bloom', '["972-54-2525252"]', FALSE, '2022-02-02', 'Crew Blvd', 'Afula', '6'),
('A016', 'Rotem', 'Fine', '["972-50-2626262"]', FALSE, '2020-09-09', 'Crew Blvd', 'Afula', '8'),
('A017', 'Gili', 'Hart', '["972-52-2727272"]', FALSE, '2019-07-07', 'Cabin Way', 'Kfar Saba', '12'),
('A018', 'Lior', 'Stone', '["972-54-2828282"]', FALSE, '2018-06-06', 'Cabin Way', 'Kfar Saba', '14'),
('A019', 'Adi', 'Glass', '["972-50-2929292"]', FALSE, '2020-10-10', 'Flight Ave', 'Eilat', '9'),
('A020', 'Chen', 'Gold', '["972-52-3030303"]', FALSE, '2019-09-09', 'Flight Ave', 'Eilat', '11'),
-- Unassigned flight attendants at TLV base (12 new - 8 with long flight training = 2/3)
('A021', 'Orly', 'Haim', '["972-50-3131313"]', TRUE, '2020-04-15', 'Ben Gurion St', 'Tel Aviv', '40'),
('A022', 'Pnina', 'Ilan', '["972-52-3232323"]', TRUE, '2019-08-20', 'Ben Gurion St', 'Tel Aviv', '42'),
('A023', 'Rachel', 'Jacob', '["972-54-3333313"]', TRUE, '2021-02-10', 'Airport Rd', 'Tel Aviv', '44'),
('A024', 'Sara', 'Kaplan', '["972-50-3434343"]', TRUE, '2020-10-05', 'Airport Rd', 'Tel Aviv', '46'),
('A025', 'Tali', 'Levin', '["972-52-3535353"]', TRUE, '2022-03-28', 'Hashalom St', 'Tel Aviv', '48'),
('A026', 'Uria', 'Mann', '["972-54-3636363"]', TRUE, '2021-07-15', 'Hashalom St', 'Tel Aviv', '50'),
('A027', 'Vered', 'Naor', '["972-50-3737373"]', TRUE, '2020-05-20', 'Rothschild Blvd', 'Tel Aviv', '52'),
('A028', 'Yarden', 'Oz', '["972-52-3838383"]', TRUE, '2019-11-10', 'Rothschild Blvd', 'Tel Aviv', '54'),
('A029', 'Ziva', 'Pearl', '["972-54-3939393"]', FALSE, '2021-09-05', 'Dizengoff St', 'Tel Aviv', '56'),
('A030', 'Ayala', 'Roth', '["972-50-4040404"]', FALSE, '2022-01-25', 'Dizengoff St', 'Tel Aviv', '58'),
('A031', 'Batya', 'Segal', '["972-52-4141414"]', FALSE, '2020-06-30', 'Allenby St', 'Tel Aviv', '60'),
('A032', 'Carmit', 'Tal', '["972-54-4242424"]', FALSE, '2021-03-15', 'Allenby St', 'Tel Aviv', '62')
AS new_fa
ON DUPLICATE KEY UPDATE
  FirstName = new_fa.FirstName,
  SecondName = new_fa.SecondName,
  PhoneNum = new_fa.PhoneNum,
  LongFlightsTraining = new_fa.LongFlightsTraining,
  JoinDate = new_fa.JoinDate,
  Street = new_fa.Street,
  City = new_fa.City,
  HouseNum = new_fa.HouseNum;

-- -----------------------------------------------------------------------------
-- REGISTERED CUSTOMERS (password is 'password123' for both)
-- -----------------------------------------------------------------------------
INSERT INTO RegisteredCustomer (UniqueMail, Password, PhoneNum, PassportNum, FirstName, SecondName, BirthDate, RegistrationDate) VALUES
('customer1@gmail.com', '$2b$12$iprkA2Ulb3EIipYD.lErfOrsM4L4rR.tME9Uqiy6zTpVszd3dOTN6', '["972-54-1111111"]', 'P123456', 'John', 'Doe', '1985-06-15', '2020-01-01'),
('customer2@gmail.com', '$2b$12$iprkA2Ulb3EIipYD.lErfOrsM4L4rR.tME9Uqiy6zTpVszd3dOTN6', '["972-54-2222222"]', 'P789012', 'Jane', 'Smith', '1990-09-22', '2021-02-15')
AS new_reg
ON DUPLICATE KEY UPDATE
  Password = new_reg.Password,
  PhoneNum = new_reg.PhoneNum,
  PassportNum = new_reg.PassportNum,
  FirstName = new_reg.FirstName,
  SecondName = new_reg.SecondName,
  BirthDate = new_reg.BirthDate,
  RegistrationDate = new_reg.RegistrationDate;

-- -----------------------------------------------------------------------------
-- GUEST CUSTOMERS
-- -----------------------------------------------------------------------------
INSERT INTO GuestCustomer (UniqueMail, PhoneNum, FirstName, SecondName) VALUES
('guest1@gmail.com', '["972-50-0000000"]', 'Guest', 'User')
AS new_g
ON DUPLICATE KEY UPDATE
  PhoneNum = new_g.PhoneNum,
  FirstName = new_g.FirstName,
  SecondName = new_g.SecondName;

-- -----------------------------------------------------------------------------
-- AIRPLANES (8 total, 6 flying and 2 spare at TLV)
-- Big planes have business class, small ones are economy-only
-- -----------------------------------------------------------------------------
INSERT INTO Airplanes (AirplaneId, PurchaseDate, Manufacturer, CouchRows, CouchCols, BusinessRows, BusinessCols) VALUES
-- Assigned aircraft
('PLANE-001', '2018-03-15', 'Boeing', 18, 7, 6, 4),     -- Large: 126 economy + 24 business = 150 seats
('PLANE-002', '2019-07-22', 'Boeing', 8, 4, 0, 0),      -- Small: 32 economy seats
('PLANE-003', '2017-11-08', 'Airbus', 20, 7, 6, 4),     -- Large: 140 economy + 24 business = 164 seats
('PLANE-004', '2020-02-14', 'Airbus', 9, 4, 0, 0),      -- Small: 36 economy seats
('PLANE-005', '2021-06-30', 'Dassault', 18, 7, 6, 4),   -- Large: 126 economy + 24 business = 150 seats
('PLANE-006', '2022-01-10', 'Dassault', 22, 4, 0, 0), -- Small: 88 economy seats
('PLANE-007', '2023-05-20', 'Boeing', 24, 7, 6, 4),    -- Large: 168 economy + 24 business = 192 seats
('PLANE-008', '2024-02-10', 'Airbus', 10, 4, 0, 0)     -- Small: 40 economy seats
AS new_air
ON DUPLICATE KEY UPDATE
  PurchaseDate = new_air.PurchaseDate,
  Manufacturer = new_air.Manufacturer,
  CouchRows = new_air.CouchRows,
  CouchCols = new_air.CouchCols,
  BusinessRows = new_air.BusinessRows,
  BusinessCols = new_air.BusinessCols;

-- -----------------------------------------------------------------------------
-- FLIGHTS (Sep-Nov 2025, Jan-Feb 2026)
-- Everything leaves from TLV so planes and crew are always ready
-- -----------------------------------------------------------------------------
INSERT INTO Flights (FlightId, Airplanes_AirplaneId, OriginPort, DestPort, DepartureDate, DepartureHour, Duration, Status, EconomyPrice, BusinessPrice) VALUES
-- September 2025 - PLANE-001 (Large) and PLANE-002 (Small)
('FT201', 'PLANE-001', 'TLV', 'LHR', '2025-09-10', '07:00:00', 298, 'done', 350.00, 1100.00),  -- 4h58m, Large, 3P+6FA
('FT202', 'PLANE-002', 'TLV', 'ATH', '2025-09-15', '09:30:00', 129, 'done', 180.00, NULL),     -- 2h09m, Small, 2P+3FA

-- October 2025 - PLANE-003 (Large) and PLANE-005 (Large)
('FT203', 'PLANE-003', 'TLV', 'CDG', '2025-10-05', '06:00:00', 277, 'done', 320.00, 980.00),   -- 4h37m, Large, 3P+6FA
('FT204', 'PLANE-005', 'TLV', 'FRA', '2025-10-20', '14:00:00', 253, 'done', 300.00, 920.00),   -- 4h13m, Large, 3P+6FA

-- November 2025 - Long flights need large aircraft with trained crew
('FT101', 'PLANE-001', 'TLV', 'JFK', '2025-11-15', '08:00:00', 660, 'done', 500.00, 1500.00),  -- 11h, LONG, Large, 3P+6FA (trained)
('FT102', 'PLANE-003', 'TLV', 'LAX', '2025-11-20', '06:30:00', 780, 'done', 550.00, 1600.00),  -- 13h, LONG, Large, 3P+6FA (trained)
('FT103', 'PLANE-002', 'TLV', 'LCA', '2025-11-29', '22:00:00', 40, 'cancelled', 120.00, NULL), -- 40m, Small, 2P+3FA (cancelled)

-- January 2026 - PLANE-004 (Small) and PLANE-006 (Small)
('FT104', 'PLANE-004', 'TLV', 'RUH', '2026-01-21', '20:00:00', 160, 'active', 150.00, NULL),   -- 2h40m, Small, 2P+3FA
('FT205', 'PLANE-006', 'TLV', 'CAI', '2026-01-25', '11:00:00', 73, 'active', 120.00, NULL),    -- 1h13m, Small, 2P+3FA

-- February 2026 - PLANE-005 (Large) and PLANE-001 (Large)
('FT206', 'PLANE-005', 'TLV', 'BCN', '2026-02-10', '08:30:00', 262, 'active', 280.00, 850.00), -- 4h22m, Large, 3P+6FA
('FT207', 'PLANE-001', 'TLV', 'AMS', '2026-02-18', '10:00:00', 279, 'active', 310.00, 950.00)  -- 4h39m, Large, 3P+6FA
AS new_f
ON DUPLICATE KEY UPDATE
  Airplanes_AirplaneId = new_f.Airplanes_AirplaneId,
  OriginPort = new_f.OriginPort,
  DestPort = new_f.DestPort,
  DepartureDate = new_f.DepartureDate,
  DepartureHour = new_f.DepartureHour,
  Duration = new_f.Duration,
  Status = new_f.Status,
  EconomyPrice = new_f.EconomyPrice,
  BusinessPrice = new_f.BusinessPrice;

-- -----------------------------------------------------------------------------
-- CREW ASSIGNMENTS
-- Big planes: 3 pilots + 6 attendants, Small planes: 2 pilots + 3 attendants
-- Long flights need crew with the right training
-- -----------------------------------------------------------------------------
INSERT IGNORE INTO Pilot_has_Flights (Pilot_Id, Flights_FlightId) VALUES
('P001', 'FT201'), ('P002', 'FT201'), ('P003', 'FT201'),
('P007', 'FT202'), ('P008', 'FT202'),
('P004', 'FT203'), ('P005', 'FT203'), ('P006', 'FT203'),
('P001', 'FT204'), ('P002', 'FT204'), ('P003', 'FT204'),
('P001', 'FT101'), ('P002', 'FT101'), ('P003', 'FT101'),
('P004', 'FT102'), ('P005', 'FT102'), ('P006', 'FT102'),
('P007', 'FT103'), ('P008', 'FT103'),
('P009', 'FT104'), ('P010', 'FT104'),
('P007', 'FT205'), ('P008', 'FT205'),
('P001', 'FT206'), ('P002', 'FT206'), ('P003', 'FT206'),
('P004', 'FT207'), ('P005', 'FT207'), ('P006', 'FT207');

INSERT IGNORE INTO FlightAttendant_has_Flights (FlightAttendant_Id, Flights_FlightId) VALUES
('A001', 'FT201'), ('A002', 'FT201'), ('A003', 'FT201'), ('A004', 'FT201'), ('A005', 'FT201'), ('A006', 'FT201'),
('A013', 'FT202'), ('A014', 'FT202'), ('A015', 'FT202'),
('A007', 'FT203'), ('A008', 'FT203'), ('A009', 'FT203'), ('A010', 'FT203'), ('A011', 'FT203'), ('A012', 'FT203'),
('A001', 'FT204'), ('A002', 'FT204'), ('A003', 'FT204'), ('A004', 'FT204'), ('A005', 'FT204'), ('A006', 'FT204'),
('A001', 'FT101'), ('A002', 'FT101'), ('A003', 'FT101'), ('A004', 'FT101'), ('A005', 'FT101'), ('A006', 'FT101'),
('A007', 'FT102'), ('A008', 'FT102'), ('A009', 'FT102'), ('A010', 'FT102'), ('A011', 'FT102'), ('A012', 'FT102'),
('A013', 'FT103'), ('A014', 'FT103'), ('A015', 'FT103'),
('A016', 'FT104'), ('A017', 'FT104'), ('A018', 'FT104'),
('A019', 'FT205'), ('A020', 'FT205'), ('A013', 'FT205'),
('A001', 'FT206'), ('A002', 'FT206'), ('A003', 'FT206'), ('A004', 'FT206'), ('A005', 'FT206'), ('A006', 'FT206'),
('A007', 'FT207'), ('A008', 'FT207'), ('A009', 'FT207'), ('A010', 'FT207'), ('A011', 'FT207'), ('A012', 'FT207');

-- -----------------------------------------------------------------------------
-- ORDERS (mix of confirmed and cancelled across all months)
-- -----------------------------------------------------------------------------
INSERT INTO orders (UniqueOrderCode, Flights_FlightId, TotalCost, Status, GuestCustomer_UniqueMail, RegisteredCustomer_UniqueMail) VALUES
-- September 2025 orders (PLANE-001, PLANE-002)
('ORD-SEP01', 'FT201', 700.00, 'confirmed', NULL, 'customer1@gmail.com'),
('ORD-SEP02', 'FT201', 1100.00, 'confirmed', NULL, 'customer2@gmail.com'),
('ORD-SEP03', 'FT202', 180.00, 'confirmed', 'guest1@gmail.com', NULL),
('ORD-SEP04', 'FT202', 9.00, 'customer_canceled', NULL, 'customer1@gmail.com'),
-- October 2025 orders (PLANE-003, PLANE-005)
('ORD-OCT01', 'FT203', 640.00, 'confirmed', NULL, 'customer2@gmail.com'),
('ORD-OCT02', 'FT203', 16.00, 'customer_canceled', NULL, 'customer1@gmail.com'),
('ORD-OCT03', 'FT204', 920.00, 'confirmed', NULL, 'customer2@gmail.com'),
('ORD-OCT04', 'FT204', 300.00, 'confirmed', 'guest1@gmail.com', NULL),
-- November 2025 orders (PLANE-001, PLANE-003)
('FLY-ABC123', 'FT101', 1000.00, 'confirmed', NULL, 'customer1@gmail.com'),
('FLY-DEF456', 'FT102', 1600.00, 'confirmed', NULL, 'customer2@gmail.com'),
('FLY-DEF768', 'FT102', 550.00, 'confirmed', 'guest1@gmail.com', NULL),
-- January 2026 orders (PLANE-004, PLANE-006)
('FLY-ABC001', 'FT104', 15.00, 'customer_canceled', NULL, 'customer1@gmail.com'),
('FLY-ABC002', 'FT104', 150.00, 'confirmed', NULL, 'customer2@gmail.com'),
('FLY-DEF003', 'FT104', 7.50, 'customer_canceled', NULL, 'customer1@gmail.com'),
('ORD-JAN01', 'FT205', 240.00, 'confirmed', NULL, 'customer1@gmail.com'),
('ORD-JAN02', 'FT205', 6.00, 'customer_canceled', 'guest1@gmail.com', NULL),
-- February 2026 orders (PLANE-005, PLANE-001)
('ORD-FEB01', 'FT206', 850.00, 'confirmed', NULL, 'customer2@gmail.com'),
('ORD-FEB02', 'FT206', 280.00, 'confirmed', NULL, 'customer1@gmail.com'),
('ORD-FEB03', 'FT207', 620.00, 'confirmed', 'guest1@gmail.com', NULL),
('ORD-FEB04', 'FT207', 15.50, 'customer_canceled', NULL, 'customer2@gmail.com')
AS new_o
ON DUPLICATE KEY UPDATE
  Flights_FlightId = new_o.Flights_FlightId,
  TotalCost = new_o.TotalCost,
  Status = new_o.Status;

-- -----------------------------------------------------------------------------
-- TICKETS
-- -----------------------------------------------------------------------------
INSERT IGNORE INTO Tickets (orders_UniqueOrderCode, RowNum, Seat, Class) VALUES
-- September tickets
('ORD-SEP01', 5, 'A', 'economy'),
('ORD-SEP01', 5, 'B', 'economy'),
('ORD-SEP02', 1, 'A', 'business'),
('ORD-SEP03', 8, 'A', 'economy'),
('ORD-SEP04', 8, 'B', 'economy'),
-- October tickets
('ORD-OCT01', 3, 'A', 'economy'),
('ORD-OCT01', 3, 'B', 'economy'),
('ORD-OCT02', 10, 'A', 'economy'),
('ORD-OCT03', 1, 'A', 'business'),
('ORD-OCT04', 12, 'A', 'economy'),
-- November tickets
('FLY-ABC123', 7, 'A', 'economy'),
('FLY-ABC123', 7, 'B', 'economy'),
('FLY-DEF456', 1, 'A', 'business'),
('FLY-DEF768', 24, 'A', 'economy'),
-- January tickets
('FLY-ABC001', 5, 'A', 'economy'),
('FLY-ABC001', 5, 'B', 'economy'),
('FLY-ABC002', 8, 'A', 'economy'),
('FLY-DEF003', 4, 'C', 'economy'),
('ORD-JAN01', 6, 'A', 'economy'),
('ORD-JAN01', 6, 'B', 'economy'),
('ORD-JAN02', 9, 'A', 'economy'),
-- February tickets
('ORD-FEB01', 1, 'A', 'business'),
('ORD-FEB02', 15, 'A', 'economy'),
('ORD-FEB03', 4, 'A', 'economy'),
('ORD-FEB03', 4, 'B', 'economy'),
('ORD-FEB04', 18, 'A', 'economy');

-- -----------------------------------------------------------------------------
-- MANAGER EDITS (who created which flight)
-- -----------------------------------------------------------------------------
INSERT IGNORE INTO Managers_edits_Flights (Managers_ManagerId, Flights_FlightId) VALUES
('M001', 'FT101'), ('M001', 'FT102'), ('M002', 'FT103'), ('M002', 'FT104'),
('M001', 'FT201'), ('M001', 'FT202'), ('M002', 'FT203'), ('M002', 'FT204'),
('M001', 'FT205'), ('M002', 'FT206'), ('M001', 'FT207');

-- =============================================================================
-- What we've got:
-- - 8 planes (6 flying, 2 spare at TLV)
-- - 16 pilots (10 flying, 6 spare at TLV, 4 of them long-flight certified)
-- - 32 attendants (20 flying, 12 spare at TLV, 8 long-flight certified)
-- - 11 flights over 5 months, all from TLV
-- - Orders can be 'customer_canceled' or 'system_canceled' when cancelled
-- =============================================================================

-- Done!-- =============================================================================
-- ROUTES - All the airport pairs with travel times
-- Duration = flight time based on 850 km/h average speed, plus 45 min overhead
-- =============================================================================
INSERT INTO Routes (OriginPort, DestPort, DurationMinutes, DistanceKm) VALUES
('TLV', 'DXB', 195, 2131),
('TLV', 'AUH', 194, 2108),
('TLV', 'DOH', 172, 1793),
('TLV', 'RUH', 143, 1394),
('TLV', 'JED', 131, 1224),
('TLV', 'AMM', 53, 109),
('TLV', 'CAI', 73, 392),
('TLV', 'IST', 127, 1166),
('TLV', 'BEY', 60, 209),
('TLV', 'BAH', 162, 1655),
('TLV', 'KWI', 136, 1289),
('TLV', 'MCT', 220, 2478),
('TLV', 'LCA', 69, 339),
('TLV', 'LHR', 298, 3588),
('TLV', 'CDG', 277, 3284),
('TLV', 'FRA', 253, 2954),
('TLV', 'AMS', 279, 3312),
('TLV', 'FCO', 206, 2279),
('TLV', 'MAD', 295, 3544),
('TLV', 'BCN', 262, 3081),
('TLV', 'ATH', 129, 1194),
('TLV', 'VIE', 212, 2361),
('TLV', 'ZRH', 243, 2809),
('TLV', 'MUC', 232, 2656),
('TLV', 'CPH', 267, 3144),
('TLV', 'PRG', 231, 2635),
('TLV', 'JFK', 689, 9117),
('TLV', 'LAX', 904, 12167),
('TLV', 'MIA', 794, 10608),
('TLV', 'ORD', 746, 9924),
('TLV', 'SFO', 886, 11921),
('TLV', 'YYZ', 701, 9295),
('TLV', 'GRU', 794, 10607),
('TLV', 'MEX', 926, 12482),
('TLV', 'HND', 692, 9171),
('TLV', 'NRT', 695, 9203),
('TLV', 'SIN', 607, 7966),
('TLV', 'HKG', 590, 7726),
('TLV', 'PEK', 549, 7142),
('TLV', 'PVG', 608, 7979),
('TLV', 'ICN', 612, 8039),
('TLV', 'BKK', 535, 6946),
('TLV', 'DEL', 331, 4046),
('TLV', 'BOM', 331, 4047),
('TLV', 'SYD', 1045, 14168),
('TLV', 'MEL', 1015, 13741),
('TLV', 'JNB', 504, 6504),
('TLV', 'CPT', 577, 7532),
('TLV', 'ADD', 228, 2593),
('TLV', 'NBO', 307, 3712),
('DXB', 'TLV', 195, 2131),
('DXB', 'AUH', 53, 116),
('DXB', 'DOH', 72, 378),
('DXB', 'RUH', 107, 873),
('DXB', 'JED', 165, 1699),
('DXB', 'AMM', 188, 2022),
('DXB', 'CAI', 216, 2416),
('DXB', 'IST', 259, 3028),
('DXB', 'BEY', 196, 2141),
('DXB', 'BAH', 79, 487),
('DXB', 'KWI', 105, 854),
('DXB', 'MCT', 70, 348),
('DXB', 'LCA', 210, 2343),
('DXB', 'LHR', 433, 5497),
('DXB', 'CDG', 415, 5239),
('DXB', 'FRA', 387, 4844),
('DXB', 'AMS', 410, 5168),
('DXB', 'FCO', 352, 4344),
('DXB', 'MAD', 444, 5649),
('DXB', 'BCN', 410, 5175),
('DXB', 'ATH', 276, 3272),
('DXB', 'VIE', 343, 4223),
('DXB', 'ZRH', 382, 4767),
('DXB', 'MUC', 367, 4565),
('DXB', 'CPH', 385, 4819),
('DXB', 'PRG', 360, 4464),
('DXB', 'JFK', 822, 11001),
('DXB', 'LAX', 991, 13400),
('DXB', 'MIA', 935, 12606),
('DXB', 'ORD', 867, 11641),
('DXB', 'SFO', 964, 13020),
('DXB', 'YYZ', 827, 11082),
('DXB', 'GRU', 907, 12217),
('DXB', 'MEX', 1056, 14329),
('DXB', 'HND', 605, 7935),
('DXB', 'NRT', 608, 7979),
('DXB', 'SIN', 458, 5845),
('DXB', 'HKG', 463, 5920),
('DXB', 'PEK', 458, 5846),
('DXB', 'PVG', 500, 6449),
('DXB', 'ICN', 520, 6728),
('DXB', 'BKK', 391, 4904),
('DXB', 'DEL', 199, 2183),
('DXB', 'BOM', 181, 1926),
('DXB', 'SYD', 895, 12043),
('DXB', 'MEL', 867, 11645),
('DXB', 'JNB', 498, 6413),
('DXB', 'CPT', 585, 7644),
('DXB', 'ADD', 223, 2519),
('DXB', 'NBO', 296, 3559),
('AUH', 'TLV', 194, 2108),
('AUH', 'DXB', 53, 116),
('AUH', 'DOH', 68, 321),
('AUH', 'RUH', 102, 805),
('AUH', 'JED', 159, 1614),
('AUH', 'AMM', 186, 1998),
('AUH', 'CAI', 213, 2378),
('AUH', 'IST', 260, 3039),
('AUH', 'BEY', 195, 2129),
('AUH', 'BAH', 77, 452),
('AUH', 'KWI', 105, 850),
('AUH', 'MCT', 72, 381),
('AUH', 'LCA', 210, 2333),
('AUH', 'LHR', 434, 5516),
('AUH', 'CDG', 416, 5252),
('AUH', 'FRA', 388, 4863),
('AUH', 'AMS', 411, 5191),
('AUH', 'FCO', 351, 4340),
('AUH', 'MAD', 443, 5639),
('AUH', 'BCN', 410, 5167),
('AUH', 'ATH', 275, 3263),
('AUH', 'VIE', 344, 4242),
('AUH', 'ZRH', 382, 4779),
('AUH', 'MUC', 368, 4581),
('AUH', 'CPH', 388, 4855),
('AUH', 'PRG', 362, 4487),
('AUH', 'JFK', 824, 11031),
('AUH', 'LAX', 997, 13483),
('AUH', 'MIA', 936, 12622),
('AUH', 'ORD', 870, 11688),
('AUH', 'SFO', 970, 13108),
('AUH', 'YYZ', 830, 11122),
('AUH', 'GRU', 901, 12121),
('AUH', 'MEX', 1059, 14368),
('AUH', 'HND', 613, 8044),
('AUH', 'NRT', 616, 8089),
('AUH', 'SIN', 460, 5885),
('AUH', 'HKG', 469, 6007),
('AUH', 'PEK', 465, 5956),
('AUH', 'PVG', 507, 6550),
('AUH', 'ICN', 528, 6837),
('AUH', 'BKK', 396, 4966),
('AUH', 'DEL', 206, 2277),
('AUH', 'BOM', 184, 1971),
('AUH', 'SYD', 896, 12061),
('AUH', 'MEL', 867, 11651),
('AUH', 'JNB', 490, 6299),
('AUH', 'CPT', 576, 7529),
('AUH', 'ADD', 215, 2404),
('AUH', 'NBO', 288, 3443),
('DOH', 'TLV', 172, 1793),
('DOH', 'DXB', 72, 378),
('DOH', 'AUH', 68, 321),
('DOH', 'RUH', 80, 495),
('DOH', 'JED', 139, 1331),
('DOH', 'AMM', 164, 1684),
('DOH', 'CAI', 190, 2058),
('DOH', 'IST', 240, 2756),
('DOH', 'BEY', 174, 1823),
('DOH', 'BAH', 55, 148),
('DOH', 'KWI', 85, 568),
('DOH', 'MCT', 94, 701),
('DOH', 'LCA', 188, 2028),
('DOH', 'LHR', 415, 5241),
('DOH', 'CDG', 396, 4969),
('DOH', 'FRA', 369, 4588),
('DOH', 'AMS', 392, 4923),
('DOH', 'FCO', 330, 4039),
('DOH', 'MAD', 421, 5330),
('DOH', 'BCN', 388, 4861),
('DOH', 'ATH', 254, 2958),
('DOH', 'VIE', 325, 3969),
('DOH', 'ZRH', 362, 4494),
('DOH', 'MUC', 349, 4303),
('DOH', 'CPH', 370, 4610),
('DOH', 'PRG', 343, 4219),
('DOH', 'JFK', 805, 10769),
('DOH', 'LAX', 987, 13347),
('DOH', 'MIA', 916, 12339),
('DOH', 'ORD', 854, 11459),
('DOH', 'SFO', 962, 12993),
('DOH', 'YYZ', 813, 10878),
('DOH', 'GRU', 882, 11858),
('DOH', 'MEX', 1042, 14119),
('DOH', 'HND', 628, 8255),
('DOH', 'NRT', 631, 8298),
('DOH', 'SIN', 483, 6206),
('DOH', 'HKG', 489, 6291),
('DOH', 'PEK', 480, 6164),
('DOH', 'PVG', 525, 6796),
('DOH', 'ICN', 543, 7052),
('DOH', 'BKK', 418, 5280),
('DOH', 'DEL', 225, 2549),
('DOH', 'BOM', 207, 2291),
('DOH', 'SYD', 919, 12375),
('DOH', 'MEL', 889, 11957),
('DOH', 'JNB', 486, 6242),
('DOH', 'CPT', 571, 7453),
('DOH', 'ADD', 205, 2263),
('DOH', 'NBO', 282, 3353),
('RUH', 'TLV', 143, 1394),
('RUH', 'DXB', 107, 873),
('RUH', 'AUH', 102, 805),
('RUH', 'DOH', 80, 495),
('RUH', 'JED', 105, 852),
('RUH', 'AMM', 136, 1289),
('RUH', 'CAI', 159, 1612),
('RUH', 'IST', 218, 2457),
('RUH', 'BEY', 148, 1465),
('RUH', 'BAH', 75, 421),
('RUH', 'KWI', 80, 491),
('RUH', 'MCT', 129, 1184),
('RUH', 'LCA', 163, 1672),
('RUH', 'LHR', 394, 4940),
('RUH', 'CDG', 373, 4651),
('RUH', 'FRA', 348, 4293),
('RUH', 'AMS', 373, 4640),
('RUH', 'FCO', 304, 3671),
('RUH', 'MAD', 393, 4935),
('RUH', 'BCN', 361, 4475),
('RUH', 'ATH', 227, 2585),
('RUH', 'VIE', 305, 3681),
('RUH', 'ZRH', 340, 4174),
('RUH', 'MUC', 327, 4000),
('RUH', 'CPH', 354, 4384),
('RUH', 'PRG', 323, 3943),
('RUH', 'JFK', 785, 10480),
('RUH', 'LAX', 982, 13279),
('RUH', 'MIA', 892, 11999),
('RUH', 'ORD', 838, 11233),
('RUH', 'SFO', 960, 12964),
('RUH', 'YYZ', 795, 10627),
('RUH', 'GRU', 848, 11381),
('RUH', 'MEX', 1022, 13844),
('RUH', 'HND', 658, 8688),
('RUH', 'NRT', 661, 8729),
('RUH', 'SIN', 516, 6673),
('RUH', 'HKG', 524, 6782),
('RUH', 'PEK', 511, 6598),
('RUH', 'PVG', 558, 7263),
('RUH', 'ICN', 574, 7491),
('RUH', 'BKK', 452, 5771),
('RUH', 'DEL', 259, 3037),
('RUH', 'BOM', 241, 2770),
('RUH', 'SYD', 948, 12794),
('RUH', 'MEL', 917, 12350),
('RUH', 'JNB', 470, 6017),
('RUH', 'CPT', 553, 7193),
('RUH', 'ADD', 184, 1964),
('RUH', 'NBO', 264, 3106),
('JED', 'TLV', 131, 1224),
('JED', 'DXB', 165, 1699),
('JED', 'AUH', 159, 1614),
('JED', 'DOH', 139, 1331),
('JED', 'RUH', 105, 852),
('JED', 'AMM', 127, 1160),
('JED', 'CAI', 131, 1217),
('JED', 'IST', 214, 2388),
('JED', 'BEY', 144, 1397),
('JED', 'BAH', 135, 1272),
('JED', 'KWI', 131, 1219),
('JED', 'MCT', 184, 1973),
('JED', 'LCA', 155, 1563),
('JED', 'LHR', 380, 4748),
('JED', 'CDG', 357, 4427),
('JED', 'FRA', 337, 4132),
('JED', 'AMS', 362, 4496),
('JED', 'FCO', 282, 3363),
('JED', 'MAD', 364, 4517),
('JED', 'BCN', 334, 4091),
('JED', 'ATH', 209, 2322),
('JED', 'VIE', 296, 3560),
('JED', 'ZRH', 325, 3960),
('JED', 'MUC', 316, 3833),
('JED', 'CPH', 353, 4364),
('JED', 'PRG', 316, 3837),
('JED', 'JFK', 767, 10225),
('JED', 'LAX', 990, 13390),
('JED', 'MIA', 865, 11621),
('JED', 'ORD', 828, 11092),
('JED', 'SFO', 973, 13144),
('JED', 'YYZ', 782, 10444),
('JED', 'GRU', 788, 10530),
('JED', 'MEX', 1003, 13571),
('JED', 'HND', 717, 9527),
('JED', 'NRT', 720, 9567),
('JED', 'SIN', 564, 7359),
('JED', 'HKG', 583, 7619),
('JED', 'PEK', 570, 7439),
('JED', 'PVG', 618, 8114),
('JED', 'ICN', 633, 8334),
('JED', 'BKK', 507, 6546),
('JED', 'DEL', 319, 3879),
('JED', 'BOM', 293, 3519),
('JED', 'SYD', 984, 13309),
('JED', 'MEL', 949, 12801),
('JED', 'JNB', 429, 5446),
('JED', 'CPT', 508, 6560),
('JED', 'ADD', 145, 1413),
('JED', 'NBO', 226, 2569),
('AMM', 'TLV', 53, 109),
('AMM', 'DXB', 188, 2022),
('AMM', 'AUH', 186, 1998),
('AMM', 'DOH', 164, 1684),
('AMM', 'RUH', 136, 1289),
('AMM', 'JED', 127, 1160),
('AMM', 'CAI', 78, 472),
('AMM', 'IST', 133, 1243),
('AMM', 'BEY', 62, 238),
('AMM', 'BAH', 154, 1546),
('AMM', 'KWI', 128, 1180),
('AMM', 'MCT', 212, 2368),
('AMM', 'LCA', 74, 414),
('AMM', 'LHR', 305, 3683),
('AMM', 'CDG', 284, 3381),
('AMM', 'FRA', 260, 3045),
('AMM', 'AMS', 285, 3402),
('AMM', 'FCO', 213, 2383),
('AMM', 'MAD', 303, 3652),
('AMM', 'BCN', 270, 3188),
('AMM', 'ATH', 137, 1297),
('AMM', 'VIE', 218, 2449),
('AMM', 'ZRH', 250, 2905),
('AMM', 'MUC', 239, 2748),
('AMM', 'CPH', 272, 3220),
('AMM', 'PRG', 237, 2720),
('AMM', 'JFK', 695, 9215),
('AMM', 'LAX', 909, 12237),
('AMM', 'MIA', 801, 10712),
('AMM', 'ORD', 752, 10014),
('AMM', 'SFO', 891, 11984),
('AMM', 'YYZ', 708, 9388),
('AMM', 'GRU', 800, 10689),
('AMM', 'MEX', 933, 12580),
('AMM', 'HND', 688, 9108),
('AMM', 'NRT', 690, 9140),
('AMM', 'SIN', 600, 7858),
('AMM', 'HKG', 584, 7633),
('AMM', 'PEK', 544, 7071),
('AMM', 'PVG', 603, 7898),
('AMM', 'ICN', 608, 7969),
('AMM', 'BKK', 528, 6840),
('AMM', 'DEL', 324, 3945),
('AMM', 'BOM', 323, 3938),
('AMM', 'SYD', 1037, 14058),
('AMM', 'MEL', 1007, 13633),
('AMM', 'JNB', 503, 6486),
('AMM', 'CPT', 576, 7529),
('AMM', 'ADD', 225, 2546),
('AMM', 'NBO', 304, 3675),
('CAI', 'TLV', 73, 392),
('CAI', 'DXB', 216, 2416),
('CAI', 'AUH', 213, 2378),
('CAI', 'DOH', 190, 2058),
('CAI', 'RUH', 159, 1612),
('CAI', 'JED', 131, 1217),
('CAI', 'AMM', 78, 472),
('CAI', 'IST', 134, 1263),
('CAI', 'BEY', 85, 563),
('CAI', 'BAH', 181, 1930),
('CAI', 'KWI', 158, 1602),
('CAI', 'MCT', 240, 2756),
('CAI', 'LCA', 85, 568),
('CAI', 'LHR', 294, 3532),
('CAI', 'CDG', 272, 3210),
('CAI', 'FRA', 251, 2922),
('CAI', 'AMS', 277, 3287),
('CAI', 'FCO', 197, 2151),
('CAI', 'MAD', 282, 3351),
('CAI', 'BCN', 250, 2906),
('CAI', 'ATH', 123, 1107),
('CAI', 'VIE', 212, 2365),
('CAI', 'ZRH', 239, 2744),
('CAI', 'MUC', 230, 2624),
('CAI', 'CPH', 271, 3197),
('CAI', 'PRG', 232, 2643),
('CAI', 'JFK', 681, 9016),
('CAI', 'LAX', 907, 12218),
('CAI', 'MIA', 783, 10450),
('CAI', 'ORD', 742, 9875),
('CAI', 'SFO', 892, 12004),
('CAI', 'YYZ', 696, 9228),
('CAI', 'GRU', 766, 10217),
('CAI', 'MEX', 918, 12371),
('CAI', 'HND', 720, 9562),
('CAI', 'NRT', 722, 9593),
('CAI', 'SIN', 628, 8261),
('CAI', 'HKG', 617, 8101),
('CAI', 'PEK', 577, 7534),
('CAI', 'PVG', 636, 8369),
('CAI', 'ICN', 640, 8431),
('CAI', 'BKK', 559, 7280),
('CAI', 'DEL', 356, 4403),
('CAI', 'BOM', 351, 4341),
('CAI', 'SYD', 1062, 14403),
('CAI', 'MEL', 1029, 13941),
('CAI', 'JNB', 487, 6265),
('CAI', 'CPT', 557, 7253),
('CAI', 'ADD', 220, 2474),
('CAI', 'NBO', 295, 3545),
('IST', 'TLV', 127, 1166),
('IST', 'DXB', 259, 3028),
('IST', 'AUH', 260, 3039),
('IST', 'DOH', 240, 2756),
('IST', 'RUH', 218, 2457),
('IST', 'JED', 214, 2388),
('IST', 'AMM', 133, 1243),
('IST', 'CAI', 134, 1263),
('IST', 'BEY', 117, 1019),
('IST', 'BAH', 229, 2608),
('IST', 'KWI', 200, 2191),
('IST', 'MCT', 283, 3371),
('IST', 'LCA', 104, 829),
('IST', 'LHR', 221, 2488),
('IST', 'CDG', 201, 2214),
('IST', 'FRA', 175, 1838),
('IST', 'AMS', 199, 2184),
('IST', 'FCO', 142, 1374),
('IST', 'MAD', 236, 2703),
('IST', 'BCN', 202, 2219),
('IST', 'ATH', 84, 554),
('IST', 'VIE', 131, 1224),
('IST', 'ZRH', 168, 1740),
('IST', 'MUC', 154, 1548),
('IST', 'CPH', 185, 1978),
('IST', 'PRG', 150, 1489),
('IST', 'JFK', 612, 8027),
('IST', 'LAX', 822, 11002),
('IST', 'MIA', 722, 9585),
('IST', 'ORD', 665, 8786),
('IST', 'SFO', 805, 10765),
('IST', 'YYZ', 622, 8172),
('IST', 'GRU', 790, 10559),
('IST', 'MEX', 849, 11389),
('IST', 'HND', 677, 8957),
('IST', 'NRT', 679, 8979),
('IST', 'SIN', 658, 8678),
('IST', 'HKG', 610, 8006),
('IST', 'PEK', 543, 7060),
('IST', 'PVG', 611, 8020),
('IST', 'ICN', 604, 7923),
('IST', 'BKK', 575, 7512),
('IST', 'DEL', 367, 4565),
('IST', 'BOM', 386, 4834),
('IST', 'SYD', 1102, 14971),
('IST', 'MEL', 1078, 14640),
('IST', 'JNB', 574, 7496),
('IST', 'CPT', 640, 8431),
('IST', 'ADD', 308, 3725),
('IST', 'NBO', 384, 4808),
('BEY', 'TLV', 60, 209),
('BEY', 'DXB', 196, 2141),
('BEY', 'AUH', 195, 2129),
('BEY', 'DOH', 174, 1823),
('BEY', 'RUH', 148, 1465),
('BEY', 'JED', 144, 1397),
('BEY', 'AMM', 62, 238),
('BEY', 'CAI', 85, 563),
('BEY', 'IST', 117, 1019),
('BEY', 'BAH', 164, 1679),
('BEY', 'KWI', 136, 1287),
('BEY', 'MCT', 221, 2489),
('BEY', 'LCA', 60, 207),
('BEY', 'LHR', 291, 3481),
('BEY', 'CDG', 270, 3187),
('BEY', 'FRA', 245, 2839),
('BEY', 'AMS', 270, 3192),
('BEY', 'FCO', 202, 2218),
('BEY', 'MAD', 293, 3510),
('BEY', 'BCN', 260, 3039),
('BEY', 'ATH', 125, 1135),
('BEY', 'VIE', 203, 2235),
('BEY', 'ZRH', 236, 2710),
('BEY', 'MUC', 225, 2543),
('BEY', 'CPH', 256, 2992),
('BEY', 'PRG', 222, 2504),
('BEY', 'JFK', 682, 9019),
('BEY', 'LAX', 892, 12003),
('BEY', 'MIA', 789, 10537),
('BEY', 'ORD', 737, 9802),
('BEY', 'SFO', 874, 11748),
('BEY', 'YYZ', 693, 9181),
('BEY', 'GRU', 803, 10740),
('BEY', 'MEX', 919, 12385),
('BEY', 'HND', 681, 9005),
('BEY', 'NRT', 683, 9035),
('BEY', 'SIN', 606, 7948),
('BEY', 'HKG', 583, 7624),
('BEY', 'PEK', 538, 6987),
('BEY', 'PVG', 599, 7841),
('BEY', 'ICN', 601, 7881),
('BEY', 'BKK', 532, 6894),
('BEY', 'DEL', 326, 3974),
('BEY', 'BOM', 330, 4037),
('BEY', 'SYD', 1046, 14183),
('BEY', 'MEL', 1018, 13779),
('BEY', 'JNB', 519, 6711),
('BEY', 'CPT', 591, 7741),
('BEY', 'ADD', 241, 2783),
('BEY', 'NBO', 321, 3910),
('BAH', 'TLV', 162, 1655),
('BAH', 'DXB', 79, 487),
('BAH', 'AUH', 77, 452),
('BAH', 'DOH', 55, 148),
('BAH', 'RUH', 75, 421),
('BAH', 'JED', 135, 1272),
('BAH', 'AMM', 154, 1546),
('BAH', 'CAI', 181, 1930),
('BAH', 'IST', 229, 2608),
('BAH', 'BEY', 164, 1679),
('BAH', 'KWI', 75, 420),
('BAH', 'MCT', 103, 827),
('BAH', 'LCA', 178, 1885),
('BAH', 'LHR', 405, 5093),
('BAH', 'CDG', 385, 4822),
('BAH', 'FRA', 358, 4441),
('BAH', 'AMS', 382, 4775),
('BAH', 'FCO', 320, 3894),
('BAH', 'MAD', 411, 5189),
('BAH', 'BCN', 378, 4718),
('BAH', 'ATH', 244, 2815),
('BAH', 'VIE', 315, 3821),
('BAH', 'ZRH', 352, 4347),
('BAH', 'MUC', 338, 4155),
('BAH', 'CPH', 360, 4464),
('BAH', 'PRG', 332, 4071),
('BAH', 'JFK', 795, 10622),
('BAH', 'LAX', 978, 13221),
('BAH', 'MIA', 906, 12192),
('BAH', 'ORD', 844, 11314),
('BAH', 'SFO', 954, 12873),
('BAH', 'YYZ', 803, 10732),
('BAH', 'GRU', 878, 11801),
('BAH', 'MEX', 1031, 13972),
('BAH', 'HND', 629, 8278),
('BAH', 'NRT', 632, 8320),
('BAH', 'SIN', 492, 6331),
('BAH', 'HKG', 494, 6366),
('BAH', 'PEK', 482, 6187),
('BAH', 'PVG', 528, 6843),
('BAH', 'ICN', 545, 7078),
('BAH', 'BKK', 425, 5386),
('BAH', 'DEL', 230, 2619),
('BAH', 'BOM', 215, 2412),
('BAH', 'SYD', 928, 12513),
('BAH', 'MEL', 899, 12100),
('BAH', 'JNB', 490, 6302),
('BAH', 'CPT', 575, 7503),
('BAH', 'ADD', 207, 2292),
('BAH', 'NBO', 285, 3402),
('KWI', 'TLV', 136, 1289),
('KWI', 'DXB', 105, 854),
('KWI', 'AUH', 105, 850),
('KWI', 'DOH', 85, 568),
('KWI', 'RUH', 80, 491),
('KWI', 'JED', 131, 1219),
('KWI', 'AMM', 128, 1180),
('KWI', 'CAI', 158, 1602),
('KWI', 'IST', 200, 2191),
('KWI', 'BEY', 136, 1287),
('KWI', 'BAH', 75, 420),
('KWI', 'MCT', 130, 1202),
('KWI', 'LCA', 150, 1489),
('KWI', 'LHR', 375, 4674),
('KWI', 'CDG', 356, 4405),
('KWI', 'FRA', 329, 4021),
('KWI', 'AMS', 352, 4355),
('KWI', 'FCO', 291, 3491),
('KWI', 'MAD', 383, 4795),
('KWI', 'BCN', 350, 4322),
('KWI', 'ATH', 216, 2418),
('KWI', 'VIE', 285, 3401),
('KWI', 'ZRH', 322, 3931),
('KWI', 'MUC', 309, 3737),
('KWI', 'CPH', 331, 4046),
('KWI', 'PRG', 303, 3651),
('KWI', 'JFK', 765, 10201),
('KWI', 'LAX', 952, 12847),
('KWI', 'MIA', 876, 11776),
('KWI', 'ORD', 814, 10897),
('KWI', 'SFO', 928, 12514),
('KWI', 'YYZ', 773, 10313),
('KWI', 'GRU', 868, 11658),
('KWI', 'MEX', 1002, 13552),
('KWI', 'HND', 632, 8322),
('KWI', 'NRT', 635, 8362),
('KWI', 'SIN', 516, 6678),
('KWI', 'HKG', 508, 6565),
('KWI', 'PEK', 485, 6239),
('KWI', 'PVG', 536, 6959),
('KWI', 'ICN', 549, 7137),
('KWI', 'BKK', 446, 5678),
('KWI', 'DEL', 245, 2830),
('KWI', 'BOM', 240, 2758),
('KWI', 'SYD', 955, 12896),
('KWI', 'MEL', 927, 12498),
('KWI', 'JNB', 504, 6506),
('KWI', 'CPT', 587, 7676),
('KWI', 'ADD', 218, 2446),
('KWI', 'NBO', 299, 3594),
('MCT', 'TLV', 220, 2478),
('MCT', 'DXB', 70, 348),
('MCT', 'AUH', 72, 381),
('MCT', 'DOH', 94, 701),
('MCT', 'RUH', 129, 1184),
('MCT', 'JED', 184, 1973),
('MCT', 'AMM', 212, 2368),
('MCT', 'CAI', 240, 2756),
('MCT', 'IST', 283, 3371),
('MCT', 'BEY', 221, 2489),
('MCT', 'BAH', 103, 827),
('MCT', 'KWI', 130, 1202),
('MCT', 'LCA', 235, 2691),
('MCT', 'LHR', 457, 5833),
('MCT', 'CDG', 439, 5578),
('MCT', 'FRA', 411, 5180),
('MCT', 'AMS', 433, 5501),
('MCT', 'FCO', 376, 4691),
('MCT', 'MAD', 468, 5998),
('MCT', 'BCN', 435, 5523),
('MCT', 'ATH', 301, 3620),
('MCT', 'VIE', 367, 4559),
('MCT', 'ZRH', 406, 5108),
('MCT', 'MUC', 391, 4903),
('MCT', 'CPH', 408, 5137),
('MCT', 'PRG', 384, 4797),
('MCT', 'JFK', 844, 11324),
('MCT', 'LAX', 1006, 13608),
('MCT', 'MIA', 959, 12942),
('MCT', 'ORD', 888, 11938),
('MCT', 'SFO', 977, 13208),
('MCT', 'YYZ', 849, 11391),
('MCT', 'GRU', 923, 12445),
('MCT', 'MEX', 1078, 14637),
('MCT', 'HND', 594, 7777),
('MCT', 'NRT', 597, 7824),
('MCT', 'SIN', 434, 5505),
('MCT', 'HKG', 445, 5661),
('MCT', 'PEK', 447, 5698),
('MCT', 'PVG', 486, 6246),
('MCT', 'ICN', 509, 6568),
('MCT', 'BKK', 369, 4590),
('MCT', 'DEL', 183, 1956),
('MCT', 'BOM', 157, 1590),
('MCT', 'SYD', 871, 11695),
('MCT', 'MEL', 842, 11297),
('MCT', 'JNB', 497, 6405),
('MCT', 'CPT', 585, 7653),
('MCT', 'ADD', 231, 2633),
('MCT', 'NBO', 300, 3606),
('LCA', 'TLV', 69, 339),
('LCA', 'DXB', 210, 2343),
('LCA', 'AUH', 210, 2333),
('LCA', 'DOH', 188, 2028),
('LCA', 'RUH', 163, 1672),
('LCA', 'JED', 155, 1563),
('LCA', 'AMM', 74, 414),
('LCA', 'CAI', 85, 568),
('LCA', 'IST', 104, 829),
('LCA', 'BEY', 60, 207),
('LCA', 'BAH', 178, 1885),
('LCA', 'KWI', 150, 1489),
('LCA', 'MCT', 235, 2691),
('LCA', 'LHR', 276, 3277),
('LCA', 'CDG', 255, 2981),
('LCA', 'FRA', 231, 2637),
('LCA', 'AMS', 256, 2991),
('LCA', 'FCO', 187, 2011),
('LCA', 'MAD', 278, 3307),
('LCA', 'BCN', 245, 2834),
('LCA', 'ATH', 111, 930),
('LCA', 'VIE', 189, 2036),
('LCA', 'ZRH', 222, 2504),
('LCA', 'MUC', 210, 2340),
('LCA', 'CPH', 243, 2807),
('LCA', 'PRG', 208, 2307),
('LCA', 'JFK', 667, 8814),
('LCA', 'LAX', 880, 11828),
('LCA', 'MIA', 774, 10330),
('LCA', 'ORD', 723, 9603),
('LCA', 'SFO', 863, 11582),
('LCA', 'YYZ', 679, 8979),
('LCA', 'GRU', 796, 10633),
('LCA', 'MEX', 905, 12180),
('LCA', 'HND', 685, 9069),
('LCA', 'NRT', 687, 9098),
('LCA', 'SIN', 619, 8138),
('LCA', 'HKG', 593, 7763),
('LCA', 'PEK', 544, 7070),
('LCA', 'PVG', 606, 7946),
('LCA', 'ICN', 607, 7961),
('LCA', 'BKK', 544, 7068),
('LCA', 'DEL', 337, 4139),
('LCA', 'BOM', 344, 4231),
('LCA', 'SYD', 1060, 14383),
('LCA', 'MEL', 1032, 13984),
('LCA', 'JNB', 526, 6808),
('LCA', 'CPT', 597, 7814),
('LCA', 'ADD', 252, 2927),
('LCA', 'NBO', 330, 4039),
('LHR', 'TLV', 298, 3588),
('LHR', 'DXB', 433, 5497),
('LHR', 'AUH', 434, 5516),
('LHR', 'DOH', 415, 5241),
('LHR', 'RUH', 394, 4940),
('LHR', 'JED', 380, 4748),
('LHR', 'AMM', 305, 3683),
('LHR', 'CAI', 294, 3532),
('LHR', 'IST', 221, 2488),
('LHR', 'BEY', 291, 3481),
('LHR', 'BAH', 405, 5093),
('LHR', 'KWI', 375, 4674),
('LHR', 'MCT', 457, 5833),
('LHR', 'LCA', 276, 3277),
('LHR', 'CDG', 69, 347),
('LHR', 'FRA', 91, 654),
('LHR', 'AMS', 71, 370),
('LHR', 'FCO', 147, 1443),
('LHR', 'MAD', 133, 1243),
('LHR', 'BCN', 126, 1148),
('LHR', 'ATH', 216, 2426),
('LHR', 'VIE', 135, 1275),
('LHR', 'ZRH', 101, 788),
('LHR', 'MUC', 111, 940),
('LHR', 'CPH', 114, 979),
('LHR', 'PRG', 119, 1044),
('LHR', 'JFK', 436, 5540),
('LHR', 'LAX', 663, 8760),
('LHR', 'MIA', 547, 7109),
('LHR', 'ORD', 493, 6345),
('LHR', 'SFO', 653, 8616),
('LHR', 'YYZ', 448, 5707),
('LHR', 'GRU', 713, 9460),
('LHR', 'MEX', 674, 8904),
('LHR', 'HND', 722, 9592),
('LHR', 'NRT', 722, 9591),
('LHR', 'SIN', 813, 10881),
('LHR', 'HKG', 725, 9631),
('LHR', 'PEK', 621, 8154),
('LHR', 'PVG', 697, 9241),
('LHR', 'ICN', 671, 8861),
('LHR', 'BKK', 721, 9577),
('LHR', 'DEL', 520, 6731),
('LHR', 'BOM', 554, 7212),
('LHR', 'SYD', 1246, 17020),
('LHR', 'MEL', 1238, 16908),
('LHR', 'JNB', 686, 9074),
('LHR', 'CPT', 728, 9681),
('LHR', 'ADD', 463, 5919),
('LHR', 'NBO', 528, 6841),
('CDG', 'TLV', 277, 3284),
('CDG', 'DXB', 415, 5239),
('CDG', 'AUH', 416, 5252),
('CDG', 'DOH', 396, 4969),
('CDG', 'RUH', 373, 4651),
('CDG', 'JED', 357, 4427),
('CDG', 'AMM', 284, 3381),
('CDG', 'CAI', 272, 3210),
('CDG', 'IST', 201, 2214),
('CDG', 'BEY', 270, 3187),
('CDG', 'BAH', 385, 4822),
('CDG', 'KWI', 356, 4405),
('CDG', 'MCT', 439, 5578),
('CDG', 'LCA', 255, 2981),
('CDG', 'LHR', 69, 347),
('CDG', 'FRA', 77, 449),
('CDG', 'AMS', 73, 399),
('CDG', 'FCO', 123, 1101),
('CDG', 'MAD', 120, 1062),
('CDG', 'BCN', 106, 858),
('CDG', 'ATH', 194, 2109),
('CDG', 'VIE', 118, 1035),
('CDG', 'ZRH', 79, 477),
('CDG', 'MUC', 93, 681),
('CDG', 'CPH', 116, 1004),
('CDG', 'PRG', 105, 853),
('CDG', 'JFK', 457, 5833),
('CDG', 'LAX', 688, 9103),
('CDG', 'MIA', 565, 7371),
('CDG', 'ORD', 515, 6665),
('CDG', 'SFO', 678, 8962),
('CDG', 'YYZ', 470, 6019),
('CDG', 'GRU', 709, 9405),
('CDG', 'MEX', 694, 9199),
('CDG', 'HND', 730, 9707),
('CDG', 'NRT', 730, 9710),
('CDG', 'SIN', 802, 10723),
('CDG', 'HKG', 722, 9591),
('CDG', 'PEK', 623, 8190),
('CDG', 'PVG', 699, 9267),
('CDG', 'ICN', 675, 8927),
('CDG', 'BKK', 712, 9448),
('CDG', 'DEL', 508, 6566),
('CDG', 'BOM', 539, 6994),
('CDG', 'SYD', 1241, 16944),
('CDG', 'MEL', 1228, 16757),
('CDG', 'JNB', 662, 8737),
('CDG', 'CPT', 706, 9363),
('CDG', 'ADD', 439, 5581),
('CDG', 'NBO', 503, 6495),
('FRA', 'TLV', 253, 2954),
('FRA', 'DXB', 387, 4844),
('FRA', 'AUH', 388, 4863),
('FRA', 'DOH', 369, 4588),
('FRA', 'RUH', 348, 4293),
('FRA', 'JED', 337, 4132),
('FRA', 'AMM', 260, 3045),
('FRA', 'CAI', 251, 2922),
('FRA', 'IST', 175, 1838),
('FRA', 'BEY', 245, 2839),
('FRA', 'BAH', 358, 4441),
('FRA', 'KWI', 329, 4021),
('FRA', 'MCT', 411, 5180),
('FRA', 'LCA', 231, 2637),
('FRA', 'LHR', 91, 654),
('FRA', 'CDG', 77, 449),
('FRA', 'AMS', 71, 366),
('FRA', 'FCO', 113, 959),
('FRA', 'MAD', 145, 1420),
('FRA', 'BCN', 122, 1094),
('FRA', 'ATH', 173, 1816),
('FRA', 'VIE', 89, 621),
('FRA', 'ZRH', 65, 287),
('FRA', 'MUC', 66, 299),
('FRA', 'CPH', 93, 678),
('FRA', 'PRG', 74, 407),
('FRA', 'JFK', 482, 6189),
('FRA', 'LAX', 703, 9321),
('FRA', 'MIA', 593, 7762),
('FRA', 'ORD', 537, 6971),
('FRA', 'SFO', 691, 9148),
('FRA', 'YYZ', 493, 6343),
('FRA', 'GRU', 737, 9798),
('FRA', 'MEX', 719, 9551),
('FRA', 'HND', 706, 9361),
('FRA', 'NRT', 706, 9366),
('FRA', 'SIN', 771, 10278),
('FRA', 'HKG', 691, 9154),
('FRA', 'PEK', 595, 7789),
('FRA', 'PVG', 670, 8858),
('FRA', 'ICN', 648, 8544),
('FRA', 'BKK', 680, 8999),
('FRA', 'DEL', 477, 6122),
('FRA', 'BOM', 509, 6569),
('FRA', 'SYD', 1209, 16496),
('FRA', 'MEL', 1196, 16312),
('FRA', 'JNB', 658, 8690),
('FRA', 'CPT', 708, 9394),
('FRA', 'ADD', 423, 5350),
('FRA', 'NBO', 491, 6317),
('AMS', 'TLV', 279, 3312),
('AMS', 'DXB', 410, 5168),
('AMS', 'AUH', 411, 5191),
('AMS', 'DOH', 392, 4923),
('AMS', 'RUH', 373, 4640),
('AMS', 'JED', 362, 4496),
('AMS', 'AMM', 285, 3402),
('AMS', 'CAI', 277, 3287),
('AMS', 'IST', 199, 2184),
('AMS', 'BEY', 270, 3192),
('AMS', 'BAH', 382, 4775),
('AMS', 'KWI', 352, 4355),
('AMS', 'MCT', 433, 5501),
('AMS', 'LCA', 256, 2991),
('AMS', 'LHR', 71, 370),
('AMS', 'CDG', 73, 399),
('AMS', 'FRA', 71, 366),
('AMS', 'FCO', 137, 1297),
('AMS', 'MAD', 148, 1458),
('AMS', 'BCN', 133, 1241),
('AMS', 'ATH', 199, 2182),
('AMS', 'VIE', 113, 959),
('AMS', 'ZRH', 88, 604),
('AMS', 'MUC', 92, 663),
('AMS', 'CPH', 90, 633),
('AMS', 'PRG', 95, 705),
('AMS', 'JFK', 458, 5848),
('AMS', 'LAX', 677, 8956),
('AMS', 'MIA', 570, 7443),
('AMS', 'ORD', 512, 6613),
('AMS', 'SFO', 665, 8786),
('AMS', 'YYZ', 468, 5989),
('AMS', 'GRU', 735, 9775),
('AMS', 'MEX', 695, 9206),
('AMS', 'HND', 703, 9316),
('AMS', 'NRT', 703, 9318),
('AMS', 'SIN', 787, 10512),
('AMS', 'HKG', 700, 9274),
('AMS', 'PEK', 598, 7828),
('AMS', 'PVG', 674, 8910),
('AMS', 'ICN', 649, 8552),
('AMS', 'BKK', 695, 9207),
('AMS', 'DEL', 494, 6364),
('AMS', 'BOM', 529, 6859),
('AMS', 'SYD', 1221, 16658),
('AMS', 'MEL', 1212, 16538),
('AMS', 'JNB', 681, 9017),
('AMS', 'CPT', 729, 9688),
('AMS', 'ADD', 448, 5715),
('AMS', 'NBO', 516, 6677),
('FCO', 'TLV', 206, 2279),
('FCO', 'DXB', 352, 4344),
('FCO', 'AUH', 351, 4340),
('FCO', 'DOH', 330, 4039),
('FCO', 'RUH', 304, 3671),
('FCO', 'JED', 282, 3363),
('FCO', 'AMM', 213, 2383),
('FCO', 'CAI', 197, 2151),
('FCO', 'IST', 142, 1374),
('FCO', 'BEY', 202, 2218),
('FCO', 'BAH', 320, 3894),
('FCO', 'KWI', 291, 3491),
('FCO', 'MCT', 376, 4691),
('FCO', 'LCA', 187, 2011),
('FCO', 'LHR', 147, 1443),
('FCO', 'CDG', 123, 1101),
('FCO', 'FRA', 113, 959),
('FCO', 'AMS', 137, 1297),
('FCO', 'MAD', 139, 1329),
('FCO', 'BCN', 105, 846),
('FCO', 'ATH', 122, 1086),
('FCO', 'VIE', 100, 780),
('FCO', 'ZRH', 94, 693),
('FCO', 'MUC', 97, 730),
('FCO', 'CPH', 153, 1537),
('FCO', 'PRG', 111, 936),
('FCO', 'JFK', 530, 6866),
('FCO', 'LAX', 765, 10203),
('FCO', 'MIA', 633, 8329),
('FCO', 'ORD', 591, 7742),
('FCO', 'SFO', 755, 10058),
('FCO', 'YYZ', 545, 7085),
('FCO', 'GRU', 711, 9433),
('FCO', 'MEX', 767, 10222),
('FCO', 'HND', 743, 9893),
('FCO', 'NRT', 744, 9906),
('FCO', 'SIN', 755, 10052),
('FCO', 'HKG', 700, 9284),
('FCO', 'PEK', 620, 8149),
('FCO', 'PVG', 692, 9170),
('FCO', 'ICN', 678, 8966),
('FCO', 'BKK', 672, 8877),
('FCO', 'DEL', 464, 5933),
('FCO', 'BOM', 482, 6194),
('FCO', 'SYD', 1199, 16343),
('FCO', 'MEL', 1174, 15988),
('FCO', 'JNB', 591, 7732),
('FCO', 'CPT', 642, 8450),
('FCO', 'ADD', 361, 4481),
('FCO', 'NBO', 426, 5400),
('MAD', 'TLV', 295, 3544),
('MAD', 'DXB', 444, 5649),
('MAD', 'AUH', 443, 5639),
('MAD', 'DOH', 421, 5330),
('MAD', 'RUH', 393, 4935),
('MAD', 'JED', 364, 4517),
('MAD', 'AMM', 303, 3652),
('MAD', 'CAI', 282, 3351),
('MAD', 'IST', 236, 2703),
('MAD', 'BEY', 293, 3510),
('MAD', 'BAH', 411, 5189),
('MAD', 'KWI', 383, 4795),
('MAD', 'MCT', 468, 5998),
('MAD', 'LCA', 278, 3307),
('MAD', 'LHR', 133, 1243),
('MAD', 'CDG', 120, 1062),
('MAD', 'FRA', 145, 1420),
('MAD', 'AMS', 148, 1458),
('MAD', 'FCO', 139, 1329),
('MAD', 'BCN', 79, 483),
('MAD', 'ATH', 213, 2377),
('MAD', 'VIE', 172, 1805),
('MAD', 'ZRH', 132, 1238),
('MAD', 'MUC', 151, 1495),
('MAD', 'CPH', 190, 2058),
('MAD', 'PRG', 168, 1749),
('MAD', 'JFK', 452, 5760),
('MAD', 'LAX', 707, 9385),
('MAD', 'MIA', 547, 7106),
('MAD', 'ORD', 521, 6744),
('MAD', 'SFO', 704, 9330),
('MAD', 'YYZ', 473, 6058),
('MAD', 'GRU', 636, 8380),
('MAD', 'MEX', 685, 9066),
('MAD', 'HND', 805, 10766),
('MAD', 'NRT', 805, 10769),
('MAD', 'SIN', 848, 11381),
('MAD', 'HKG', 787, 10506),
('MAD', 'PEK', 695, 9204),
('MAD', 'PVG', 770, 10268),
('MAD', 'ICN', 748, 9963),
('MAD', 'BKK', 764, 10192),
('MAD', 'DEL', 557, 7255),
('MAD', 'BOM', 576, 7518),
('MAD', 'SYD', 1292, 17672),
('MAD', 'MEL', 1265, 17285),
('MAD', 'JNB', 617, 8106),
('MAD', 'CPT', 651, 8587),
('MAD', 'ADD', 429, 5447),
('MAD', 'NBO', 482, 6196),
('BCN', 'TLV', 262, 3081),
('BCN', 'DXB', 410, 5175),
('BCN', 'AUH', 410, 5167),
('BCN', 'DOH', 388, 4861),
('BCN', 'RUH', 361, 4475),
('BCN', 'JED', 334, 4091),
('BCN', 'AMM', 270, 3188),
('BCN', 'CAI', 250, 2906),
('BCN', 'IST', 202, 2219),
('BCN', 'BEY', 260, 3039),
('BCN', 'BAH', 378, 4718),
('BCN', 'KWI', 350, 4322),
('BCN', 'MCT', 435, 5523),
('BCN', 'LCA', 245, 2834),
('BCN', 'LHR', 126, 1148),
('BCN', 'CDG', 106, 858),
('BCN', 'FRA', 122, 1094),
('BCN', 'AMS', 133, 1241),
('BCN', 'FCO', 105, 846),
('BCN', 'MAD', 79, 483),
('BCN', 'ATH', 179, 1904),
('BCN', 'VIE', 142, 1369),
('BCN', 'ZRH', 105, 856),
('BCN', 'MUC', 122, 1094),
('BCN', 'CPH', 170, 1768),
('BCN', 'PRG', 141, 1358),
('BCN', 'JFK', 479, 6150),
('BCN', 'LAX', 728, 9675),
('BCN', 'MIA', 578, 7545),
('BCN', 'ORD', 546, 7094),
('BCN', 'SFO', 722, 9586),
('BCN', 'YYZ', 498, 6418),
('BCN', 'GRU', 664, 8765),
('BCN', 'MEX', 714, 9481),
('BCN', 'HND', 782, 10444),
('BCN', 'NRT', 783, 10450),
('BCN', 'SIN', 814, 10898),
('BCN', 'HKG', 755, 10059),
('BCN', 'PEK', 667, 8813),
('BCN', 'PVG', 741, 9864),
('BCN', 'ICN', 722, 9594),
('BCN', 'BKK', 731, 9713),
('BCN', 'DEL', 523, 6774),
('BCN', 'BOM', 542, 7037),
('BCN', 'SYD', 1258, 17190),
('BCN', 'MEL', 1232, 16818),
('BCN', 'JNB', 607, 7968),
('BCN', 'CPT', 648, 8538),
('BCN', 'ADD', 404, 5087),
('BCN', 'NBO', 461, 5898),
('ATH', 'TLV', 129, 1194),
('ATH', 'DXB', 276, 3272),
('ATH', 'AUH', 275, 3263),
('ATH', 'DOH', 254, 2958),
('ATH', 'RUH', 227, 2585),
('ATH', 'JED', 209, 2322),
('ATH', 'AMM', 137, 1297),
('ATH', 'CAI', 123, 1107),
('ATH', 'IST', 84, 554),
('ATH', 'BEY', 125, 1135),
('ATH', 'BAH', 244, 2815),
('ATH', 'KWI', 216, 2418),
('ATH', 'MCT', 301, 3620),
('ATH', 'LCA', 111, 930),
('ATH', 'LHR', 216, 2426),
('ATH', 'CDG', 194, 2109),
('ATH', 'FRA', 173, 1816),
('ATH', 'AMS', 199, 2182),
('ATH', 'FCO', 122, 1086),
('ATH', 'MAD', 213, 2377),
('ATH', 'BCN', 179, 1904),
('ATH', 'VIE', 135, 1279),
('ATH', 'ZRH', 161, 1639),
('ATH', 'MUC', 152, 1518),
('ATH', 'CPH', 196, 2140),
('ATH', 'PRG', 155, 1556),
('ATH', 'JFK', 605, 7932),
('ATH', 'LAX', 830, 11127),
('ATH', 'MIA', 710, 9414),
('ATH', 'ORD', 664, 8771),
('ATH', 'SFO', 817, 10932),
('ATH', 'YYZ', 619, 8128),
('ATH', 'GRU', 752, 10020),
('ATH', 'MEX', 842, 11295),
('ATH', 'HND', 716, 9511),
('ATH', 'NRT', 718, 9533),
('ATH', 'SIN', 683, 9042),
('ATH', 'HKG', 645, 8505),
('ATH', 'PEK', 582, 7608),
('ATH', 'PVG', 649, 8558),
('ATH', 'ICN', 643, 8474),
('ATH', 'BKK', 605, 7930),
('ATH', 'DEL', 397, 4984),
('ATH', 'BOM', 408, 5149),
('ATH', 'SYD', 1125, 15307),
('ATH', 'MEL', 1098, 14914),
('ATH', 'JNB', 549, 7139),
('ATH', 'CPT', 611, 8015),
('ATH', 'ADD', 295, 3548),
('ATH', 'NBO', 367, 4564),
('VIE', 'TLV', 212, 2361),
('VIE', 'DXB', 343, 4223),
('VIE', 'AUH', 344, 4242),
('VIE', 'DOH', 325, 3969),
('VIE', 'RUH', 305, 3681),
('VIE', 'JED', 296, 3560),
('VIE', 'AMM', 218, 2449),
('VIE', 'CAI', 212, 2365),
('VIE', 'IST', 131, 1224),
('VIE', 'BEY', 203, 2235),
('VIE', 'BAH', 315, 3821),
('VIE', 'KWI', 285, 3401),
('VIE', 'MCT', 367, 4559),
('VIE', 'LCA', 189, 2036),
('VIE', 'LHR', 135, 1275),
('VIE', 'CDG', 118, 1035),
('VIE', 'FRA', 89, 621),
('VIE', 'AMS', 113, 959),
('VIE', 'FCO', 100, 780),
('VIE', 'MAD', 172, 1805),
('VIE', 'BCN', 142, 1369),
('VIE', 'ATH', 135, 1279),
('VIE', 'ZRH', 88, 603),
('VIE', 'MUC', 70, 356),
('VIE', 'CPH', 107, 877),
('VIE', 'PRG', 65, 278),
('VIE', 'JFK', 525, 6805),
('VIE', 'LAX', 741, 9854),
('VIE', 'MIA', 637, 8383),
('VIE', 'ORD', 579, 7567),
('VIE', 'SFO', 726, 9653),
('VIE', 'YYZ', 535, 6948),
('VIE', 'GRU', 760, 10125),
('VIE', 'MEX', 763, 10165),
('VIE', 'HND', 690, 9143),
('VIE', 'NRT', 691, 9154),
('VIE', 'SIN', 730, 9703),
('VIE', 'HKG', 659, 8702),
('VIE', 'PEK', 571, 7453),
('VIE', 'PVG', 645, 8497),
('VIE', 'ICN', 627, 8248),
('VIE', 'BKK', 642, 8451),
('VIE', 'DEL', 437, 5547),
('VIE', 'BOM', 466, 5959),
('VIE', 'SYD', 1172, 15965),
('VIE', 'MEL', 1155, 15731),
('VIE', 'JNB', 634, 8338),
('VIE', 'CPT', 689, 9129),
('VIE', 'ADD', 386, 4825),
('VIE', 'NBO', 457, 5838),
('ZRH', 'TLV', 243, 2809),
('ZRH', 'DXB', 382, 4767),
('ZRH', 'AUH', 382, 4779),
('ZRH', 'DOH', 362, 4494),
('ZRH', 'RUH', 340, 4174),
('ZRH', 'JED', 325, 3960),
('ZRH', 'AMM', 250, 2905),
('ZRH', 'CAI', 239, 2744),
('ZRH', 'IST', 168, 1740),
('ZRH', 'BEY', 236, 2710),
('ZRH', 'BAH', 352, 4347),
('ZRH', 'KWI', 322, 3931),
('ZRH', 'MCT', 406, 5108),
('ZRH', 'LCA', 222, 2504),
('ZRH', 'LHR', 101, 788),
('ZRH', 'CDG', 79, 477),
('ZRH', 'FRA', 65, 287),
('ZRH', 'AMS', 88, 604),
('ZRH', 'FCO', 94, 693),
('ZRH', 'MAD', 132, 1238),
('ZRH', 'BCN', 105, 856),
('ZRH', 'ATH', 161, 1639),
('ZRH', 'VIE', 88, 603),
('ZRH', 'MUC', 63, 260),
('ZRH', 'CPH', 112, 950),
('ZRH', 'PRG', 81, 511),
('ZRH', 'JFK', 490, 6310),
('ZRH', 'LAX', 718, 9535),
('ZRH', 'MIA', 599, 7845),
('ZRH', 'ORD', 548, 7132),
('ZRH', 'SFO', 707, 9377),
('ZRH', 'YYZ', 503, 6491),
('ZRH', 'GRU', 723, 9609),
('ZRH', 'MEX', 728, 9676),
('ZRH', 'HND', 722, 9588),
('ZRH', 'NRT', 722, 9595),
('ZRH', 'SIN', 772, 10304),
('ZRH', 'HKG', 700, 9280),
('ZRH', 'PEK', 608, 7972),
('ZRH', 'PVG', 683, 9031),
('ZRH', 'ICN', 662, 8743),
('ZRH', 'BKK', 684, 9053),
('ZRH', 'DEL', 479, 6148),
('ZRH', 'BOM', 507, 6539),
('ZRH', 'SYD', 1214, 16567),
('ZRH', 'MEL', 1198, 16327),
('ZRH', 'JNB', 639, 8418),
('ZRH', 'CPT', 688, 9110),
('ZRH', 'ADD', 408, 5139),
('ZRH', 'NBO', 474, 6083),
('MUC', 'TLV', 232, 2656),
('MUC', 'DXB', 367, 4565),
('MUC', 'AUH', 368, 4581),
('MUC', 'DOH', 349, 4303),
('MUC', 'RUH', 327, 4000),
('MUC', 'JED', 316, 3833),
('MUC', 'AMM', 239, 2748),
('MUC', 'CAI', 230, 2624),
('MUC', 'IST', 154, 1548),
('MUC', 'BEY', 225, 2543),
('MUC', 'BAH', 338, 4155),
('MUC', 'KWI', 309, 3737),
('MUC', 'MCT', 391, 4903),
('MUC', 'LCA', 210, 2340),
('MUC', 'LHR', 111, 940),
('MUC', 'CDG', 93, 681),
('MUC', 'FRA', 66, 299),
('MUC', 'AMS', 92, 663),
('MUC', 'FCO', 97, 730),
('MUC', 'MAD', 151, 1495),
('MUC', 'BCN', 122, 1094),
('MUC', 'ATH', 152, 1518),
('MUC', 'VIE', 70, 356),
('MUC', 'ZRH', 63, 260),
('MUC', 'CPH', 102, 810),
('MUC', 'PRG', 64, 265),
('MUC', 'JFK', 502, 6480),
('MUC', 'LAX', 724, 9615),
('MUC', 'MIA', 613, 8042),
('MUC', 'ORD', 558, 7269),
('MUC', 'SFO', 711, 9437),
('MUC', 'YYZ', 514, 6640),
('MUC', 'GRU', 741, 9857),
('MUC', 'MEX', 740, 9844),
('MUC', 'HND', 706, 9359),
('MUC', 'NRT', 706, 9367),
('MUC', 'SIN', 755, 10058),
('MUC', 'HKG', 682, 9020),
('MUC', 'PEK', 590, 7723),
('MUC', 'PVG', 665, 8779),
('MUC', 'ICN', 645, 8500),
('MUC', 'BKK', 666, 8800),
('MUC', 'DEL', 462, 5901),
('MUC', 'BOM', 491, 6313),
('MUC', 'SYD', 1196, 16312),
('MUC', 'MEL', 1181, 16087),
('MUC', 'JNB', 641, 8444),
('MUC', 'CPT', 693, 9179),
('MUC', 'ADD', 402, 5056),
('MUC', 'NBO', 471, 6033),
('CPH', 'TLV', 267, 3144),
('CPH', 'DXB', 385, 4819),
('CPH', 'AUH', 388, 4855),
('CPH', 'DOH', 370, 4610),
('CPH', 'RUH', 354, 4384),
('CPH', 'JED', 353, 4364),
('CPH', 'AMM', 272, 3220),
('CPH', 'CAI', 271, 3197),
('CPH', 'IST', 185, 1978),
('CPH', 'BEY', 256, 2992),
('CPH', 'BAH', 360, 4464),
('CPH', 'KWI', 331, 4046),
('CPH', 'MCT', 408, 5137),
('CPH', 'LCA', 243, 2807),
('CPH', 'LHR', 114, 979),
('CPH', 'CDG', 116, 1004),
('CPH', 'FRA', 93, 678),
('CPH', 'AMS', 90, 633),
('CPH', 'FCO', 153, 1537),
('CPH', 'MAD', 190, 2058),
('CPH', 'BCN', 170, 1768),
('CPH', 'ATH', 196, 2140),
('CPH', 'VIE', 107, 877),
('CPH', 'ZRH', 112, 950),
('CPH', 'MUC', 102, 810),
('CPH', 'PRG', 89, 623),
('CPH', 'JFK', 482, 6188),
('CPH', 'LAX', 682, 9028),
('CPH', 'MIA', 599, 7844),
('CPH', 'ORD', 529, 6854),
('CPH', 'SFO', 667, 8807),
('CPH', 'YYZ', 488, 6269),
('CPH', 'GRU', 779, 10405),
('CPH', 'MEX', 717, 9513),
('CPH', 'HND', 660, 8708),
('CPH', 'NRT', 660, 8712),
('CPH', 'SIN', 749, 9967),
('CPH', 'HKG', 656, 8652),
('CPH', 'PEK', 553, 7196),
('CPH', 'PVG', 629, 8277),
('CPH', 'ICN', 604, 7925),
('CPH', 'BKK', 655, 8637),
('CPH', 'DEL', 457, 5840),
('CPH', 'BOM', 498, 6411),
('CPH', 'SYD', 1177, 16042),
('CPH', 'MEL', 1172, 15964),
('CPH', 'JNB', 695, 9211),
('CPH', 'CPT', 749, 9978),
('CPH', 'ADD', 445, 5670),
('CPH', 'NBO', 518, 6704),
('PRG', 'TLV', 231, 2635),
('PRG', 'DXB', 360, 4464),
('PRG', 'AUH', 362, 4487),
('PRG', 'DOH', 343, 4219),
('PRG', 'RUH', 323, 3943),
('PRG', 'JED', 316, 3837),
('PRG', 'AMM', 237, 2720),
('PRG', 'CAI', 232, 2643),
('PRG', 'IST', 150, 1489),
('PRG', 'BEY', 222, 2504),
('PRG', 'BAH', 332, 4071),
('PRG', 'KWI', 303, 3651),
('PRG', 'MCT', 384, 4797),
('PRG', 'LCA', 208, 2307),
('PRG', 'LHR', 119, 1044),
('PRG', 'CDG', 105, 853),
('PRG', 'FRA', 74, 407),
('PRG', 'AMS', 95, 705),
('PRG', 'FCO', 111, 936),
('PRG', 'MAD', 168, 1749),
('PRG', 'BCN', 141, 1358),
('PRG', 'ATH', 155, 1556),
('PRG', 'VIE', 65, 278),
('PRG', 'ZRH', 81, 511),
('PRG', 'MUC', 64, 265),
('PRG', 'CPH', 89, 623),
('PRG', 'JFK', 507, 6551),
('PRG', 'LAX', 721, 9576),
('PRG', 'MIA', 620, 8146),
('PRG', 'ORD', 560, 7298),
('PRG', 'SFO', 707, 9376),
('PRG', 'YYZ', 517, 6684),
('PRG', 'GRU', 759, 10118),
('PRG', 'MEX', 744, 9907),
('PRG', 'HND', 687, 9094),
('PRG', 'NRT', 688, 9102),
('PRG', 'SIN', 742, 9872),
('PRG', 'HKG', 665, 8779),
('PRG', 'PEK', 572, 7462),
('PRG', 'PVG', 646, 8521),
('PRG', 'ICN', 626, 8237),
('PRG', 'BKK', 652, 8596),
('PRG', 'DEL', 448, 5715),
('PRG', 'BOM', 480, 6169),
('PRG', 'SYD', 1181, 16099),
('PRG', 'MEL', 1168, 15906),
('PRG', 'JNB', 651, 8589),
('PRG', 'CPT', 706, 9358),
('PRG', 'ADD', 405, 5102),
('PRG', 'NBO', 476, 6112),
('JFK', 'TLV', 689, 9117),
('JFK', 'DXB', 822, 11001),
('JFK', 'AUH', 824, 11031),
('JFK', 'DOH', 805, 10769),
('JFK', 'RUH', 785, 10480),
('JFK', 'JED', 767, 10225),
('JFK', 'AMM', 695, 9215),
('JFK', 'CAI', 681, 9016),
('JFK', 'IST', 612, 8027),
('JFK', 'BEY', 682, 9019),
('JFK', 'BAH', 795, 10622),
('JFK', 'KWI', 765, 10201),
('JFK', 'MCT', 844, 11324),
('JFK', 'LCA', 667, 8814),
('JFK', 'LHR', 436, 5540),
('JFK', 'CDG', 457, 5833),
('JFK', 'FRA', 482, 6189),
('JFK', 'AMS', 458, 5848),
('JFK', 'FCO', 530, 6866),
('JFK', 'MAD', 452, 5760),
('JFK', 'BCN', 479, 6150),
('JFK', 'ATH', 605, 7932),
('JFK', 'VIE', 525, 6805),
('JFK', 'ZRH', 490, 6310),
('JFK', 'MUC', 502, 6480),
('JFK', 'CPH', 482, 6188),
('JFK', 'PRG', 507, 6551),
('JFK', 'LAX', 326, 3974),
('JFK', 'MIA', 169, 1757),
('JFK', 'ORD', 129, 1188),
('JFK', 'SFO', 338, 4152),
('JFK', 'YYZ', 87, 588),
('JFK', 'GRU', 586, 7664),
('JFK', 'MEX', 283, 3365),
('JFK', 'HND', 813, 10875),
('JFK', 'NRT', 809, 10829),
('JFK', 'SIN', 1128, 15339),
('JFK', 'HKG', 961, 12970),
('JFK', 'PEK', 820, 10978),
('JFK', 'PVG', 883, 11873),
('JFK', 'ICN', 828, 11090),
('JFK', 'BKK', 1030, 13947),
('JFK', 'DEL', 875, 11755),
('JFK', 'BOM', 930, 12532),
('JFK', 'SYD', 1175, 16013),
('JFK', 'MEL', 1224, 16696),
('JFK', 'JNB', 951, 12831),
('JFK', 'CPT', 932, 12561),
('JFK', 'ADD', 836, 11200),
('JFK', 'NBO', 881, 11837),
('LAX', 'TLV', 904, 12167),
('LAX', 'DXB', 991, 13400),
('LAX', 'AUH', 997, 13483),
('LAX', 'DOH', 987, 13347),
('LAX', 'RUH', 982, 13279),
('LAX', 'JED', 990, 13390),
('LAX', 'AMM', 909, 12237),
('LAX', 'CAI', 907, 12218),
('LAX', 'IST', 822, 11002),
('LAX', 'BEY', 892, 12003),
('LAX', 'BAH', 978, 13221),
('LAX', 'KWI', 952, 12847),
('LAX', 'MCT', 1006, 13608),
('LAX', 'LCA', 880, 11828),
('LAX', 'LHR', 663, 8760),
('LAX', 'CDG', 688, 9103),
('LAX', 'FRA', 703, 9321),
('LAX', 'AMS', 677, 8956),
('LAX', 'FCO', 765, 10203),
('LAX', 'MAD', 707, 9385),
('LAX', 'BCN', 728, 9675),
('LAX', 'ATH', 830, 11127),
('LAX', 'VIE', 741, 9854),
('LAX', 'ZRH', 718, 9535),
('LAX', 'MUC', 724, 9615),
('LAX', 'CPH', 682, 9028),
('LAX', 'PRG', 721, 9576),
('LAX', 'JFK', 326, 3974),
('LAX', 'MIA', 311, 3763),
('LAX', 'ORD', 243, 2802),
('LAX', 'SFO', 83, 544),
('LAX', 'YYZ', 292, 3495),
('LAX', 'GRU', 745, 9919),
('LAX', 'MEX', 221, 2500),
('LAX', 'HND', 667, 8813),
('LAX', 'NRT', 663, 8753),
('LAX', 'SIN', 1040, 14101),
('LAX', 'HKG', 868, 11664),
('LAX', 'PEK', 753, 10036),
('LAX', 'PVG', 780, 10415),
('LAX', 'ICN', 725, 9627),
('LAX', 'BKK', 983, 13291),
('LAX', 'DEL', 954, 12877),
('LAX', 'BOM', 1033, 13998),
('LAX', 'SYD', 896, 12061),
('LAX', 'MEL', 946, 12758),
('LAX', 'JNB', 1224, 16706),
('LAX', 'CPT', 1180, 16080),
('LAX', 'ADD', 1081, 14671),
('LAX', 'NBO', 1144, 15573),
('MIA', 'TLV', 794, 10608),
('MIA', 'DXB', 935, 12606),
('MIA', 'AUH', 936, 12622),
('MIA', 'DOH', 916, 12339),
('MIA', 'RUH', 892, 11999),
('MIA', 'JED', 865, 11621),
('MIA', 'AMM', 801, 10712),
('MIA', 'CAI', 783, 10450),
('MIA', 'IST', 722, 9585),
('MIA', 'BEY', 789, 10537),
('MIA', 'BAH', 906, 12192),
('MIA', 'KWI', 876, 11776),
('MIA', 'MCT', 959, 12942),
('MIA', 'LCA', 774, 10330),
('MIA', 'LHR', 547, 7109),
('MIA', 'CDG', 565, 7371),
('MIA', 'FRA', 593, 7762),
('MIA', 'AMS', 570, 7443),
('MIA', 'FCO', 633, 8329),
('MIA', 'MAD', 547, 7106),
('MIA', 'BCN', 578, 7545),
('MIA', 'ATH', 710, 9414),
('MIA', 'VIE', 637, 8383),
('MIA', 'ZRH', 599, 7845),
('MIA', 'MUC', 613, 8042),
('MIA', 'CPH', 599, 7844),
('MIA', 'PRG', 620, 8146),
('MIA', 'JFK', 169, 1757),
('MIA', 'LAX', 311, 3763),
('MIA', 'ORD', 181, 1930),
('MIA', 'SFO', 338, 4154),
('MIA', 'YYZ', 185, 1989),
('MIA', 'GRU', 509, 6574),
('MIA', 'MEX', 190, 2051),
('MIA', 'HND', 892, 12000),
('MIA', 'NRT', 888, 11946),
('MIA', 'SIN', 1242, 16960),
('MIA', 'HKG', 1065, 14451),
('MIA', 'PEK', 926, 12484),
('MIA', 'PVG', 981, 13262),
('MIA', 'ICN', 924, 12447),
('MIA', 'BKK', 1148, 15623),
('MIA', 'DEL', 998, 13507),
('MIA', 'BOM', 1050, 14242),
('MIA', 'SYD', 1105, 15022),
('MIA', 'MEL', 1146, 15594),
('MIA', 'JNB', 961, 12971),
('MIA', 'CPT', 916, 12344),
('MIA', 'ADD', 919, 12384),
('MIA', 'NBO', 947, 12781),
('ORD', 'TLV', 746, 9924),
('ORD', 'DXB', 867, 11641),
('ORD', 'AUH', 870, 11688),
('ORD', 'DOH', 854, 11459),
('ORD', 'RUH', 838, 11233),
('ORD', 'JED', 828, 11092),
('ORD', 'AMM', 752, 10014),
('ORD', 'CAI', 742, 9875),
('ORD', 'IST', 665, 8786),
('ORD', 'BEY', 737, 9802),
('ORD', 'BAH', 844, 11314),
('ORD', 'KWI', 814, 10897),
('ORD', 'MCT', 888, 11938),
('ORD', 'LCA', 723, 9603),
('ORD', 'LHR', 493, 6345),
('ORD', 'CDG', 515, 6665),
('ORD', 'FRA', 537, 6971),
('ORD', 'AMS', 512, 6613),
('ORD', 'FCO', 591, 7742),
('ORD', 'MAD', 521, 6744),
('ORD', 'BCN', 546, 7094),
('ORD', 'ATH', 664, 8771),
('ORD', 'VIE', 579, 7567),
('ORD', 'ZRH', 548, 7132),
('ORD', 'MUC', 558, 7269),
('ORD', 'CPH', 529, 6854),
('ORD', 'PRG', 560, 7298),
('ORD', 'JFK', 129, 1188),
('ORD', 'LAX', 243, 2802),
('ORD', 'MIA', 181, 1930),
('ORD', 'SFO', 254, 2964),
('ORD', 'YYZ', 94, 701),
('ORD', 'GRU', 640, 8428),
('ORD', 'MEX', 237, 2718),
('ORD', 'HND', 760, 10124),
('ORD', 'NRT', 756, 10073),
('ORD', 'SIN', 1107, 15050),
('ORD', 'HKG', 929, 12523),
('ORD', 'PEK', 791, 10562),
('ORD', 'PVG', 845, 11334),
('ORD', 'ICN', 788, 10521),
('ORD', 'BKK', 1016, 13762),
('ORD', 'DEL', 894, 12023),
('ORD', 'BOM', 959, 12943),
('ORD', 'SYD', 1094, 14862),
('ORD', 'MEL', 1143, 15556),
('ORD', 'JNB', 1035, 14018),
('ORD', 'CPT', 1013, 13710),
('ORD', 'ADD', 905, 12181),
('ORD', 'NBO', 956, 12910),
('SFO', 'TLV', 886, 11921),
('SFO', 'DXB', 964, 13020),
('SFO', 'AUH', 970, 13108),
('SFO', 'DOH', 962, 12993),
('SFO', 'RUH', 960, 12964),
('SFO', 'JED', 973, 13144),
('SFO', 'AMM', 891, 11984),
('SFO', 'CAI', 892, 12004),
('SFO', 'IST', 805, 10765),
('SFO', 'BEY', 874, 11748),
('SFO', 'BAH', 954, 12873),
('SFO', 'KWI', 928, 12514),
('SFO', 'MCT', 977, 13208),
('SFO', 'LCA', 863, 11582),
('SFO', 'LHR', 653, 8616),
('SFO', 'CDG', 678, 8962),
('SFO', 'FRA', 691, 9148),
('SFO', 'AMS', 665, 8786),
('SFO', 'FCO', 755, 10058),
('SFO', 'MAD', 704, 9330),
('SFO', 'BCN', 722, 9586),
('SFO', 'ATH', 817, 10932),
('SFO', 'VIE', 726, 9653),
('SFO', 'ZRH', 707, 9377),
('SFO', 'MUC', 711, 9437),
('SFO', 'CPH', 667, 8807),
('SFO', 'PRG', 707, 9376),
('SFO', 'JFK', 338, 4152),
('SFO', 'LAX', 83, 544),
('SFO', 'MIA', 338, 4154),
('SFO', 'ORD', 254, 2964),
('SFO', 'YYZ', 301, 3628),
('SFO', 'GRU', 781, 10427),
('SFO', 'MEX', 259, 3029),
('SFO', 'HND', 630, 8286),
('SFO', 'NRT', 626, 8226),
('SFO', 'SIN', 1004, 13580),
('SFO', 'HKG', 830, 11128),
('SFO', 'PEK', 715, 9493),
('SFO', 'PVG', 742, 9877),
('SFO', 'ICN', 686, 9086),
('SFO', 'BKK', 945, 12749),
('SFO', 'DEL', 919, 12382),
('SFO', 'BOM', 999, 13510),
('SFO', 'SYD', 888, 11949),
('SFO', 'MEL', 938, 12653),
('SFO', 'JNB', 1243, 16978),
('SFO', 'CPT', 1210, 16498),
('SFO', 'ADD', 1067, 14476),
('SFO', 'NBO', 1136, 15457),
('YYZ', 'TLV', 701, 9295),
('YYZ', 'DXB', 827, 11082),
('YYZ', 'AUH', 830, 11122),
('YYZ', 'DOH', 813, 10878),
('YYZ', 'RUH', 795, 10627),
('YYZ', 'JED', 782, 10444),
('YYZ', 'AMM', 708, 9388),
('YYZ', 'CAI', 696, 9228),
('YYZ', 'IST', 622, 8172),
('YYZ', 'BEY', 693, 9181),
('YYZ', 'BAH', 803, 10732),
('YYZ', 'KWI', 773, 10313),
('YYZ', 'MCT', 849, 11391),
('YYZ', 'LCA', 679, 8979),
('YYZ', 'LHR', 448, 5707),
('YYZ', 'CDG', 470, 6019),
('YYZ', 'FRA', 493, 6343),
('YYZ', 'AMS', 468, 5989),
('YYZ', 'FCO', 545, 7085),
('YYZ', 'MAD', 473, 6058),
('YYZ', 'BCN', 498, 6418),
('YYZ', 'ATH', 619, 8128),
('YYZ', 'VIE', 535, 6948),
('YYZ', 'ZRH', 503, 6491),
('YYZ', 'MUC', 514, 6640),
('YYZ', 'CPH', 488, 6269),
('YYZ', 'PRG', 517, 6684),
('YYZ', 'JFK', 87, 588),
('YYZ', 'LAX', 292, 3495),
('YYZ', 'MIA', 185, 1989),
('YYZ', 'ORD', 94, 701),
('YYZ', 'SFO', 301, 3628),
('YYZ', 'GRU', 623, 8194),
('YYZ', 'MEX', 274, 3247),
('YYZ', 'HND', 775, 10346),
('YYZ', 'NRT', 772, 10299),
('YYZ', 'SIN', 1103, 14994),
('YYZ', 'HKG', 931, 12549),
('YYZ', 'PEK', 790, 10561),
('YYZ', 'PVG', 851, 11414),
('YYZ', 'ICN', 795, 10618),
('YYZ', 'BKK', 1008, 13636),
('YYZ', 'DEL', 867, 11640),
('YYZ', 'BOM', 927, 12493),
('YYZ', 'SYD', 1143, 15555),
('YYZ', 'MEL', 1192, 16252),
('YYZ', 'JNB', 989, 13369),
('YYZ', 'CPT', 972, 13137),
('YYZ', 'ADD', 857, 11501),
('YYZ', 'NBO', 907, 12212),
('GRU', 'TLV', 794, 10607),
('GRU', 'DXB', 907, 12217),
('GRU', 'AUH', 901, 12121),
('GRU', 'DOH', 882, 11858),
('GRU', 'RUH', 848, 11381),
('GRU', 'JED', 788, 10530),
('GRU', 'AMM', 800, 10689),
('GRU', 'CAI', 766, 10217),
('GRU', 'IST', 790, 10559),
('GRU', 'BEY', 803, 10740),
('GRU', 'BAH', 878, 11801),
('GRU', 'KWI', 868, 11658),
('GRU', 'MCT', 923, 12445),
('GRU', 'LCA', 796, 10633),
('GRU', 'LHR', 713, 9460),
('GRU', 'CDG', 709, 9405),
('GRU', 'FRA', 737, 9798),
('GRU', 'AMS', 735, 9775),
('GRU', 'FCO', 711, 9433),
('GRU', 'MAD', 636, 8380),
('GRU', 'BCN', 664, 8765),
('GRU', 'ATH', 752, 10020),
('GRU', 'VIE', 760, 10125),
('GRU', 'ZRH', 723, 9609),
('GRU', 'MUC', 741, 9857),
('GRU', 'CPH', 779, 10405),
('GRU', 'PRG', 759, 10118),
('GRU', 'JFK', 586, 7664),
('GRU', 'LAX', 745, 9919),
('GRU', 'MIA', 509, 6574),
('GRU', 'ORD', 640, 8428),
('GRU', 'SFO', 781, 10427),
('GRU', 'YYZ', 623, 8194),
('GRU', 'MEX', 570, 7433),
('GRU', 'HND', 1354, 18539),
('GRU', 'NRT', 1350, 18492),
('GRU', 'SIN', 1174, 15996),
('GRU', 'HKG', 1316, 18004),
('GRU', 'PEK', 1286, 17578),
('GRU', 'PVG', 1356, 18576),
('GRU', 'ICN', 1338, 18316),
('GRU', 'BKK', 1203, 16404),
('GRU', 'DEL', 1061, 14397),
('GRU', 'BOM', 1016, 13755),
('GRU', 'SYD', 989, 13368),
('GRU', 'MEL', 971, 13118),
('GRU', 'JNB', 570, 7439),
('GRU', 'CPT', 493, 6351),
('GRU', 'ADD', 746, 9927),
('GRU', 'NBO', 700, 9276),
('MEX', 'TLV', 926, 12482),
('MEX', 'DXB', 1056, 14329),
('MEX', 'AUH', 1059, 14368),
('MEX', 'DOH', 1042, 14119),
('MEX', 'RUH', 1022, 13844),
('MEX', 'JED', 1003, 13571),
('MEX', 'AMM', 933, 12580),
('MEX', 'CAI', 918, 12371),
('MEX', 'IST', 849, 11389),
('MEX', 'BEY', 919, 12385),
('MEX', 'BAH', 1031, 13972),
('MEX', 'KWI', 1002, 13552),
('MEX', 'MCT', 1078, 14637),
('MEX', 'LCA', 905, 12180),
('MEX', 'LHR', 674, 8904),
('MEX', 'CDG', 694, 9199),
('MEX', 'FRA', 719, 9551),
('MEX', 'AMS', 695, 9206),
('MEX', 'FCO', 767, 10222),
('MEX', 'MAD', 685, 9066),
('MEX', 'BCN', 714, 9481),
('MEX', 'ATH', 842, 11295),
('MEX', 'VIE', 763, 10165),
('MEX', 'ZRH', 728, 9676),
('MEX', 'MUC', 740, 9844),
('MEX', 'CPH', 717, 9513),
('MEX', 'PRG', 744, 9907),
('MEX', 'JFK', 283, 3365),
('MEX', 'LAX', 221, 2500),
('MEX', 'MIA', 190, 2051),
('MEX', 'ORD', 237, 2718),
('MEX', 'SFO', 259, 3029),
('MEX', 'YYZ', 274, 3247),
('MEX', 'GRU', 570, 7433),
('MEX', 'HND', 844, 11312),
('MEX', 'NRT', 839, 11253),
('MEX', 'SIN', 1217, 16597),
('MEX', 'HKG', 1044, 14151),
('MEX', 'PEK', 923, 12435),
('MEX', 'PVG', 955, 12897),
('MEX', 'ICN', 899, 12097),
('MEX', 'BKK', 1156, 15740),
('MEX', 'DEL', 1080, 14663),
('MEX', 'BOM', 1149, 15642),
('MEX', 'SYD', 961, 12983),
('MEX', 'MEL', 1003, 13578),
('MEX', 'JNB', 1075, 14598),
('MEX', 'CPT', 1013, 13711),
('MEX', 'ADD', 1063, 14423),
('MEX', 'NBO', 1091, 14822),
('HND', 'TLV', 692, 9171),
('HND', 'DXB', 605, 7935),
('HND', 'AUH', 613, 8044),
('HND', 'DOH', 628, 8255),
('HND', 'RUH', 658, 8688),
('HND', 'JED', 717, 9527),
('HND', 'AMM', 688, 9108),
('HND', 'CAI', 720, 9562),
('HND', 'IST', 677, 8957),
('HND', 'BEY', 681, 9005),
('HND', 'BAH', 629, 8278),
('HND', 'KWI', 632, 8322),
('HND', 'MCT', 594, 7777),
('HND', 'LCA', 685, 9069),
('HND', 'LHR', 722, 9592),
('HND', 'CDG', 730, 9707),
('HND', 'FRA', 706, 9361),
('HND', 'AMS', 703, 9316),
('HND', 'FCO', 743, 9893),
('HND', 'MAD', 805, 10766),
('HND', 'BCN', 782, 10444),
('HND', 'ATH', 716, 9511),
('HND', 'VIE', 690, 9143),
('HND', 'ZRH', 722, 9588),
('HND', 'MUC', 706, 9359),
('HND', 'CPH', 660, 8708),
('HND', 'PRG', 687, 9094),
('HND', 'JFK', 813, 10875),
('HND', 'LAX', 667, 8813),
('HND', 'MIA', 892, 12000),
('HND', 'ORD', 760, 10124),
('HND', 'SFO', 630, 8286),
('HND', 'YYZ', 775, 10346),
('HND', 'GRU', 1354, 18539),
('HND', 'MEX', 844, 11312),
('HND', 'NRT', 49, 61),
('HND', 'SIN', 419, 5299),
('HND', 'HKG', 250, 2902),
('HND', 'PEK', 193, 2091),
('HND', 'PVG', 168, 1737),
('HND', 'ICN', 130, 1210),
('HND', 'BKK', 369, 4588),
('HND', 'DEL', 459, 5861),
('HND', 'BOM', 520, 6733),
('HND', 'SYD', 597, 7817),
('HND', 'MEL', 621, 8158),
('HND', 'JNB', 1000, 13523),
('HND', 'CPT', 1084, 14721),
('HND', 'ADD', 779, 10405),
('HND', 'NBO', 839, 11253),
('NRT', 'TLV', 695, 9203),
('NRT', 'DXB', 608, 7979),
('NRT', 'AUH', 616, 8089),
('NRT', 'DOH', 631, 8298),
('NRT', 'RUH', 661, 8729),
('NRT', 'JED', 720, 9567),
('NRT', 'AMM', 690, 9140),
('NRT', 'CAI', 722, 9593),
('NRT', 'IST', 679, 8979),
('NRT', 'BEY', 683, 9035),
('NRT', 'BAH', 632, 8320),
('NRT', 'KWI', 635, 8362),
('NRT', 'MCT', 597, 7824),
('NRT', 'LCA', 687, 9098),
('NRT', 'LHR', 722, 9591),
('NRT', 'CDG', 730, 9710),
('NRT', 'FRA', 706, 9366),
('NRT', 'AMS', 703, 9318),
('NRT', 'FCO', 744, 9906),
('NRT', 'MAD', 805, 10769),
('NRT', 'BCN', 783, 10450),
('NRT', 'ATH', 718, 9533),
('NRT', 'VIE', 691, 9154),
('NRT', 'ZRH', 722, 9595),
('NRT', 'MUC', 706, 9367),
('NRT', 'CPH', 660, 8712),
('NRT', 'PRG', 688, 9102),
('NRT', 'JFK', 809, 10829),
('NRT', 'LAX', 663, 8753),
('NRT', 'MIA', 888, 11946),
('NRT', 'ORD', 756, 10073),
('NRT', 'SFO', 626, 8226),
('NRT', 'YYZ', 772, 10299),
('NRT', 'GRU', 1350, 18492),
('NRT', 'MEX', 839, 11253),
('NRT', 'HND', 49, 61),
('NRT', 'SIN', 423, 5358),
('NRT', 'HKG', 254, 2963),
('NRT', 'PEK', 196, 2134),
('NRT', 'PVG', 172, 1796),
('NRT', 'ICN', 134, 1258),
('NRT', 'BKK', 373, 4649),
('NRT', 'DEL', 462, 5910),
('NRT', 'BOM', 524, 6787),
('NRT', 'SYD', 598, 7832),
('NRT', 'MEL', 622, 8179),
('NRT', 'JNB', 1004, 13583),
('NRT', 'CPT', 1088, 14781),
('NRT', 'ADD', 783, 10453),
('NRT', 'NBO', 843, 11306),
('SIN', 'TLV', 607, 7966),
('SIN', 'DXB', 458, 5845),
('SIN', 'AUH', 460, 5885),
('SIN', 'DOH', 483, 6206),
('SIN', 'RUH', 516, 6673),
('SIN', 'JED', 564, 7359),
('SIN', 'AMM', 600, 7858),
('SIN', 'CAI', 628, 8261),
('SIN', 'IST', 658, 8678),
('SIN', 'BEY', 606, 7948),
('SIN', 'BAH', 492, 6331),
('SIN', 'KWI', 516, 6678),
('SIN', 'MCT', 434, 5505),
('SIN', 'LCA', 619, 8138),
('SIN', 'LHR', 813, 10881),
('SIN', 'CDG', 802, 10723),
('SIN', 'FRA', 771, 10278),
('SIN', 'AMS', 787, 10512),
('SIN', 'FCO', 755, 10052),
('SIN', 'MAD', 848, 11381),
('SIN', 'BCN', 814, 10898),
('SIN', 'ATH', 683, 9042),
('SIN', 'VIE', 730, 9703),
('SIN', 'ZRH', 772, 10304),
('SIN', 'MUC', 755, 10058),
('SIN', 'CPH', 749, 9967),
('SIN', 'PRG', 742, 9872),
('SIN', 'JFK', 1128, 15339),
('SIN', 'LAX', 1040, 14101),
('SIN', 'MIA', 1242, 16960),
('SIN', 'ORD', 1107, 15050),
('SIN', 'SFO', 1004, 13580),
('SIN', 'YYZ', 1103, 14994),
('SIN', 'GRU', 1174, 15996),
('SIN', 'MEX', 1217, 16597),
('SIN', 'HND', 419, 5299),
('SIN', 'NRT', 423, 5358),
('SIN', 'HKG', 226, 2564),
('SIN', 'PEK', 362, 4490),
('SIN', 'PVG', 314, 3805),
('SIN', 'ICN', 371, 4625),
('SIN', 'BKK', 145, 1416),
('SIN', 'DEL', 338, 4157),
('SIN', 'BOM', 322, 3921),
('SIN', 'SYD', 489, 6294),
('SIN', 'MEL', 471, 6034),
('SIN', 'JNB', 656, 8657),
('SIN', 'CPT', 727, 9668),
('SIN', 'ADD', 557, 7260),
('SIN', 'NBO', 572, 7462),
('HKG', 'TLV', 590, 7726),
('HKG', 'DXB', 463, 5920),
('HKG', 'AUH', 469, 6007),
('HKG', 'DOH', 489, 6291),
('HKG', 'RUH', 524, 6782),
('HKG', 'JED', 583, 7619),
('HKG', 'AMM', 584, 7633),
('HKG', 'CAI', 617, 8101),
('HKG', 'IST', 610, 8006),
('HKG', 'BEY', 583, 7624),
('HKG', 'BAH', 494, 6366),
('HKG', 'KWI', 508, 6565),
('HKG', 'MCT', 445, 5661),
('HKG', 'LCA', 593, 7763),
('HKG', 'LHR', 725, 9631),
('HKG', 'CDG', 722, 9591),
('HKG', 'FRA', 691, 9154),
('HKG', 'AMS', 700, 9274),
('HKG', 'FCO', 700, 9284),
('HKG', 'MAD', 787, 10506),
('HKG', 'BCN', 755, 10059),
('HKG', 'ATH', 645, 8505),
('HKG', 'VIE', 659, 8702),
('HKG', 'ZRH', 700, 9280),
('HKG', 'MUC', 682, 9020),
('HKG', 'CPH', 656, 8652),
('HKG', 'PRG', 665, 8779),
('HKG', 'JFK', 961, 12970),
('HKG', 'LAX', 868, 11664),
('HKG', 'MIA', 1065, 14451),
('HKG', 'ORD', 929, 12523),
('HKG', 'SFO', 830, 11128),
('HKG', 'YYZ', 931, 12549),
('HKG', 'GRU', 1316, 18004),
('HKG', 'MEX', 1044, 14151),
('HKG', 'HND', 250, 2902),
('HKG', 'NRT', 254, 2963),
('HKG', 'SIN', 226, 2564),
('HKG', 'PEK', 186, 1992),
('HKG', 'PVG', 134, 1256),
('HKG', 'ICN', 191, 2068),
('HKG', 'BKK', 164, 1689),
('HKG', 'DEL', 309, 3747),
('HKG', 'BOM', 347, 4272),
('HKG', 'SYD', 567, 7393),
('HKG', 'MEL', 568, 7412),
('HKG', 'JNB', 799, 10675),
('HKG', 'CPT', 881, 11837),
('HKG', 'ADD', 617, 8107),
('HKG', 'NBO', 661, 8728),
('PEK', 'TLV', 549, 7142),
('PEK', 'DXB', 458, 5846),
('PEK', 'AUH', 465, 5956),
('PEK', 'DOH', 480, 6164),
('PEK', 'RUH', 511, 6598),
('PEK', 'JED', 570, 7439),
('PEK', 'AMM', 544, 7071),
('PEK', 'CAI', 577, 7534),
('PEK', 'IST', 543, 7060),
('PEK', 'BEY', 538, 6987),
('PEK', 'BAH', 482, 6187),
('PEK', 'KWI', 485, 6239),
('PEK', 'MCT', 447, 5698),
('PEK', 'LCA', 544, 7070),
('PEK', 'LHR', 621, 8154),
('PEK', 'CDG', 623, 8190),
('PEK', 'FRA', 595, 7789),
('PEK', 'AMS', 598, 7828),
('PEK', 'FCO', 620, 8149),
('PEK', 'MAD', 695, 9204),
('PEK', 'BCN', 667, 8813),
('PEK', 'ATH', 582, 7608),
('PEK', 'VIE', 571, 7453),
('PEK', 'ZRH', 608, 7972),
('PEK', 'MUC', 590, 7723),
('PEK', 'CPH', 553, 7196),
('PEK', 'PRG', 572, 7462),
('PEK', 'JFK', 820, 10978),
('PEK', 'LAX', 753, 10036),
('PEK', 'MIA', 926, 12484),
('PEK', 'ORD', 791, 10562),
('PEK', 'SFO', 715, 9493),
('PEK', 'YYZ', 790, 10561),
('PEK', 'GRU', 1286, 17578),
('PEK', 'MEX', 923, 12435),
('PEK', 'HND', 193, 2091),
('PEK', 'NRT', 196, 2134),
('PEK', 'SIN', 362, 4490),
('PEK', 'HKG', 186, 1992),
('PEK', 'PVG', 123, 1099),
('PEK', 'ICN', 109, 901),
('PEK', 'BKK', 279, 3317),
('PEK', 'DEL', 314, 3811),
('PEK', 'BOM', 381, 4766),
('PEK', 'SYD', 678, 8963),
('PEK', 'MEL', 688, 9112),
('PEK', 'JNB', 872, 11710),
('PEK', 'CPT', 960, 12968),
('PEK', 'ADD', 633, 8331),
('PEK', 'NBO', 696, 9227),
('PVG', 'TLV', 608, 7979),
('PVG', 'DXB', 500, 6449),
('PVG', 'AUH', 507, 6550),
('PVG', 'DOH', 525, 6796),
('PVG', 'RUH', 558, 7263),
('PVG', 'JED', 618, 8114),
('PVG', 'AMM', 603, 7898),
('PVG', 'CAI', 636, 8369),
('PVG', 'IST', 611, 8020),
('PVG', 'BEY', 599, 7841),
('PVG', 'BAH', 528, 6843),
('PVG', 'KWI', 536, 6959),
('PVG', 'MCT', 486, 6246),
('PVG', 'LCA', 606, 7946),
('PVG', 'LHR', 697, 9241),
('PVG', 'CDG', 699, 9267),
('PVG', 'FRA', 670, 8858),
('PVG', 'AMS', 674, 8910),
('PVG', 'FCO', 692, 9170),
('PVG', 'MAD', 770, 10268),
('PVG', 'BCN', 741, 9864),
('PVG', 'ATH', 649, 8558),
('PVG', 'VIE', 645, 8497),
('PVG', 'ZRH', 683, 9031),
('PVG', 'MUC', 665, 8779),
('PVG', 'CPH', 629, 8277),
('PVG', 'PRG', 646, 8521),
('PVG', 'JFK', 883, 11873),
('PVG', 'LAX', 780, 10415),
('PVG', 'MIA', 981, 13262),
('PVG', 'ORD', 845, 11334),
('PVG', 'SFO', 742, 9877),
('PVG', 'YYZ', 851, 11414),
('PVG', 'GRU', 1356, 18576),
('PVG', 'MEX', 955, 12897),
('PVG', 'HND', 168, 1737),
('PVG', 'NRT', 172, 1796),
('PVG', 'SIN', 314, 3805),
('PVG', 'HKG', 134, 1256),
('PVG', 'PEK', 123, 1099),
('PVG', 'ICN', 103, 821),
('PVG', 'BKK', 249, 2896),
('PVG', 'DEL', 348, 4292),
('PVG', 'BOM', 402, 5064),
('PVG', 'SYD', 600, 7865),
('PVG', 'MEL', 611, 8017),
('PVG', 'JNB', 877, 11787),
('PVG', 'CPT', 962, 12990),
('PVG', 'ADD', 668, 8831),
('PVG', 'NBO', 722, 9597),
('ICN', 'TLV', 612, 8039),
('ICN', 'DXB', 520, 6728),
('ICN', 'AUH', 528, 6837),
('ICN', 'DOH', 543, 7052),
('ICN', 'RUH', 574, 7491),
('ICN', 'JED', 633, 8334),
('ICN', 'AMM', 608, 7969),
('ICN', 'CAI', 640, 8431),
('ICN', 'IST', 604, 7923),
('ICN', 'BEY', 601, 7881),
('ICN', 'BAH', 545, 7078),
('ICN', 'KWI', 549, 7137),
('ICN', 'MCT', 509, 6568),
('ICN', 'LCA', 607, 7961),
('ICN', 'LHR', 671, 8861),
('ICN', 'CDG', 675, 8927),
('ICN', 'FRA', 648, 8544),
('ICN', 'AMS', 649, 8552),
('ICN', 'FCO', 678, 8966),
('ICN', 'MAD', 748, 9963),
('ICN', 'BCN', 722, 9594),
('ICN', 'ATH', 643, 8474),
('ICN', 'VIE', 627, 8248),
('ICN', 'ZRH', 662, 8743),
('ICN', 'MUC', 645, 8500),
('ICN', 'CPH', 604, 7925),
('ICN', 'PRG', 626, 8237),
('ICN', 'JFK', 828, 11090),
('ICN', 'LAX', 725, 9627),
('ICN', 'MIA', 924, 12447),
('ICN', 'ORD', 788, 10521),
('ICN', 'SFO', 686, 9086),
('ICN', 'YYZ', 795, 10618),
('ICN', 'GRU', 1338, 18316),
('ICN', 'MEX', 899, 12097),
('ICN', 'HND', 130, 1210),
('ICN', 'NRT', 134, 1258),
('ICN', 'SIN', 371, 4625),
('ICN', 'HKG', 191, 2068),
('ICN', 'PEK', 109, 901),
('ICN', 'PVG', 103, 821),
('ICN', 'BKK', 304, 3666),
('ICN', 'DEL', 373, 4652),
('ICN', 'BOM', 437, 5547),
('ICN', 'SYD', 634, 8341),
('ICN', 'MEL', 650, 8565),
('ICN', 'JNB', 922, 12419),
('ICN', 'CPT', 1009, 13653),
('ICN', 'ADD', 694, 9195),
('ICN', 'NBO', 755, 10054),
('BKK', 'TLV', 535, 6946),
('BKK', 'DXB', 391, 4904),
('BKK', 'AUH', 396, 4966),
('BKK', 'DOH', 418, 5280),
('BKK', 'RUH', 452, 5771),
('BKK', 'JED', 507, 6546),
('BKK', 'AMM', 528, 6840),
('BKK', 'CAI', 559, 7280),
('BKK', 'IST', 575, 7512),
('BKK', 'BEY', 532, 6894),
('BKK', 'BAH', 425, 5386),
('BKK', 'KWI', 446, 5678),
('BKK', 'MCT', 369, 4590),
('BKK', 'LCA', 544, 7068),
('BKK', 'LHR', 721, 9577),
('BKK', 'CDG', 712, 9448),
('BKK', 'FRA', 680, 8999),
('BKK', 'AMS', 695, 9207),
('BKK', 'FCO', 672, 8877),
('BKK', 'MAD', 764, 10192),
('BKK', 'BCN', 731, 9713),
('BKK', 'ATH', 605, 7930),
('BKK', 'VIE', 642, 8451),
('BKK', 'ZRH', 684, 9053),
('BKK', 'MUC', 666, 8800),
('BKK', 'CPH', 655, 8637),
('BKK', 'PRG', 652, 8596),
('BKK', 'JFK', 1030, 13947),
('BKK', 'LAX', 983, 13291),
('BKK', 'MIA', 1148, 15623),
('BKK', 'ORD', 1016, 13762),
('BKK', 'SFO', 945, 12749),
('BKK', 'YYZ', 1008, 13636),
('BKK', 'GRU', 1203, 16404),
('BKK', 'MEX', 1156, 15740),
('BKK', 'HND', 369, 4588),
('BKK', 'NRT', 373, 4649),
('BKK', 'SIN', 145, 1416),
('BKK', 'HKG', 164, 1689),
('BKK', 'PEK', 279, 3317),
('BKK', 'PVG', 249, 2896),
('BKK', 'ICN', 304, 3666),
('BKK', 'DEL', 253, 2948),
('BKK', 'BOM', 259, 3031),
('BKK', 'SYD', 575, 7515),
('BKK', 'MEL', 563, 7332),
('BKK', 'JNB', 680, 8997),
('BKK', 'CPT', 761, 10149),
('BKK', 'ADD', 522, 6758),
('BKK', 'NBO', 555, 7225),
('DEL', 'TLV', 331, 4046),
('DEL', 'DXB', 199, 2183),
('DEL', 'AUH', 206, 2277),
('DEL', 'DOH', 225, 2549),
('DEL', 'RUH', 259, 3037),
('DEL', 'JED', 319, 3879),
('DEL', 'AMM', 324, 3945),
('DEL', 'CAI', 356, 4403),
('DEL', 'IST', 367, 4565),
('DEL', 'BEY', 326, 3974),
('DEL', 'BAH', 230, 2619),
('DEL', 'KWI', 245, 2830),
('DEL', 'MCT', 183, 1956),
('DEL', 'LCA', 337, 4139),
('DEL', 'LHR', 520, 6731),
('DEL', 'CDG', 508, 6566),
('DEL', 'FRA', 477, 6122),
('DEL', 'AMS', 494, 6364),
('DEL', 'FCO', 464, 5933),
('DEL', 'MAD', 557, 7255),
('DEL', 'BCN', 523, 6774),
('DEL', 'ATH', 397, 4984),
('DEL', 'VIE', 437, 5547),
('DEL', 'ZRH', 479, 6148),
('DEL', 'MUC', 462, 5901),
('DEL', 'CPH', 457, 5840),
('DEL', 'PRG', 448, 5715),
('DEL', 'JFK', 875, 11755),
('DEL', 'LAX', 954, 12877),
('DEL', 'MIA', 998, 13507),
('DEL', 'ORD', 894, 12023),
('DEL', 'SFO', 919, 12382),
('DEL', 'YYZ', 867, 11640),
('DEL', 'GRU', 1061, 14397),
('DEL', 'MEX', 1080, 14663),
('DEL', 'HND', 459, 5861),
('DEL', 'NRT', 462, 5910),
('DEL', 'SIN', 338, 4157),
('DEL', 'HKG', 309, 3747),
('DEL', 'PEK', 314, 3811),
('DEL', 'PVG', 348, 4292),
('DEL', 'ICN', 373, 4652),
('DEL', 'BKK', 253, 2948),
('DEL', 'BOM', 125, 1137),
('DEL', 'SYD', 782, 10434),
('DEL', 'MEL', 764, 10191),
('DEL', 'JNB', 611, 8011),
('DEL', 'CPT', 700, 9283),
('DEL', 'ADD', 366, 4552),
('DEL', 'NBO', 427, 5415),
('BOM', 'TLV', 331, 4047),
('BOM', 'DXB', 181, 1926),
('BOM', 'AUH', 184, 1971),
('BOM', 'DOH', 207, 2291),
('BOM', 'RUH', 241, 2770),
('BOM', 'JED', 293, 3519),
('BOM', 'AMM', 323, 3938),
('BOM', 'CAI', 351, 4341),
('BOM', 'IST', 386, 4834),
('BOM', 'BEY', 330, 4037),
('BOM', 'BAH', 215, 2412),
('BOM', 'KWI', 240, 2758),
('BOM', 'MCT', 157, 1590),
('BOM', 'LCA', 344, 4231),
('BOM', 'LHR', 554, 7212),
('BOM', 'CDG', 539, 6994),
('BOM', 'FRA', 509, 6569),
('BOM', 'AMS', 529, 6859),
('BOM', 'FCO', 482, 6194),
('BOM', 'MAD', 576, 7518),
('BOM', 'BCN', 542, 7037),
('BOM', 'ATH', 408, 5149),
('BOM', 'VIE', 466, 5959),
('BOM', 'ZRH', 507, 6539),
('BOM', 'MUC', 491, 6313),
('BOM', 'CPH', 498, 6411),
('BOM', 'PRG', 480, 6169),
('BOM', 'JFK', 930, 12532),
('BOM', 'LAX', 1033, 13998),
('BOM', 'MIA', 1050, 14242),
('BOM', 'ORD', 959, 12943),
('BOM', 'SFO', 999, 13510),
('BOM', 'YYZ', 927, 12493),
('BOM', 'GRU', 1016, 13755),
('BOM', 'MEX', 1149, 15642),
('BOM', 'HND', 520, 6733),
('BOM', 'NRT', 524, 6787),
('BOM', 'SIN', 322, 3921),
('BOM', 'HKG', 347, 4272),
('BOM', 'PEK', 381, 4766),
('BOM', 'PVG', 402, 5064),
('BOM', 'ICN', 437, 5547),
('BOM', 'BKK', 259, 3031),
('BOM', 'DEL', 125, 1137),
('BOM', 'SYD', 762, 10159),
('BOM', 'MEL', 737, 9806),
('BOM', 'JNB', 537, 6964),
('BOM', 'CPT', 626, 8233),
('BOM', 'ADD', 316, 3834),
('BOM', 'NBO', 365, 4533),
('SYD', 'TLV', 1045, 14168),
('SYD', 'DXB', 895, 12043),
('SYD', 'AUH', 896, 12061),
('SYD', 'DOH', 919, 12375),
('SYD', 'RUH', 948, 12794),
('SYD', 'JED', 984, 13309),
('SYD', 'AMM', 1037, 14058),
('SYD', 'CAI', 1062, 14403),
('SYD', 'IST', 1102, 14971),
('SYD', 'BEY', 1046, 14183),
('SYD', 'BAH', 928, 12513),
('SYD', 'KWI', 955, 12896),
('SYD', 'MCT', 871, 11695),
('SYD', 'LCA', 1060, 14383),
('SYD', 'LHR', 1246, 17020),
('SYD', 'CDG', 1241, 16944),
('SYD', 'FRA', 1209, 16496),
('SYD', 'AMS', 1221, 16658),
('SYD', 'FCO', 1199, 16343),
('SYD', 'MAD', 1292, 17672),
('SYD', 'BCN', 1258, 17190),
('SYD', 'ATH', 1125, 15307),
('SYD', 'VIE', 1172, 15965),
('SYD', 'ZRH', 1214, 16567),
('SYD', 'MUC', 1196, 16312),
('SYD', 'CPH', 1177, 16042),
('SYD', 'PRG', 1181, 16099),
('SYD', 'JFK', 1175, 16013),
('SYD', 'LAX', 896, 12061),
('SYD', 'MIA', 1105, 15022),
('SYD', 'ORD', 1094, 14862),
('SYD', 'SFO', 888, 11949),
('SYD', 'YYZ', 1143, 15555),
('SYD', 'GRU', 989, 13368),
('SYD', 'MEX', 961, 12983),
('SYD', 'HND', 597, 7817),
('SYD', 'NRT', 598, 7832),
('SYD', 'SIN', 489, 6294),
('SYD', 'HKG', 567, 7393),
('SYD', 'PEK', 678, 8963),
('SYD', 'PVG', 600, 7865),
('SYD', 'ICN', 634, 8341),
('SYD', 'BKK', 575, 7515),
('SYD', 'DEL', 782, 10434),
('SYD', 'BOM', 762, 10159),
('SYD', 'MEL', 95, 706),
('SYD', 'JNB', 823, 11025),
('SYD', 'CPT', 821, 10989),
('SYD', 'ADD', 936, 12623),
('SYD', 'NBO', 902, 12135),
('MEL', 'TLV', 1015, 13741),
('MEL', 'DXB', 867, 11645),
('MEL', 'AUH', 867, 11651),
('MEL', 'DOH', 889, 11957),
('MEL', 'RUH', 917, 12350),
('MEL', 'JED', 949, 12801),
('MEL', 'AMM', 1007, 13633),
('MEL', 'CAI', 1029, 13941),
('MEL', 'IST', 1078, 14640),
('MEL', 'BEY', 1018, 13779),
('MEL', 'BAH', 899, 12100),
('MEL', 'KWI', 927, 12498),
('MEL', 'MCT', 842, 11297),
('MEL', 'LCA', 1032, 13984),
('MEL', 'LHR', 1238, 16908),
('MEL', 'CDG', 1228, 16757),
('MEL', 'FRA', 1196, 16312),
('MEL', 'AMS', 1212, 16538),
('MEL', 'FCO', 1174, 15988),
('MEL', 'MAD', 1265, 17285),
('MEL', 'BCN', 1232, 16818),
('MEL', 'ATH', 1098, 14914),
('MEL', 'VIE', 1155, 15731),
('MEL', 'ZRH', 1198, 16327),
('MEL', 'MUC', 1181, 16087),
('MEL', 'CPH', 1172, 15964),
('MEL', 'PRG', 1168, 15906),
('MEL', 'JFK', 1224, 16696),
('MEL', 'LAX', 946, 12758),
('MEL', 'MIA', 1146, 15594),
('MEL', 'ORD', 1143, 15556),
('MEL', 'SFO', 938, 12653),
('MEL', 'YYZ', 1192, 16252),
('MEL', 'GRU', 971, 13118),
('MEL', 'MEX', 1003, 13578),
('MEL', 'HND', 621, 8158),
('MEL', 'NRT', 622, 8179),
('MEL', 'SIN', 471, 6034),
('MEL', 'HKG', 568, 7412),
('MEL', 'PEK', 688, 9112),
('MEL', 'PVG', 611, 8017),
('MEL', 'ICN', 650, 8565),
('MEL', 'BKK', 563, 7332),
('MEL', 'DEL', 764, 10191),
('MEL', 'BOM', 737, 9806),
('MEL', 'SYD', 95, 706),
('MEL', 'JNB', 773, 10320),
('MEL', 'CPT', 772, 10304),
('MEL', 'ADD', 894, 12025),
('MEL', 'NBO', 855, 11482),
('JNB', 'TLV', 504, 6504),
('JNB', 'DXB', 498, 6413),
('JNB', 'AUH', 490, 6299),
('JNB', 'DOH', 486, 6242),
('JNB', 'RUH', 470, 6017),
('JNB', 'JED', 429, 5446),
('JNB', 'AMM', 503, 6486),
('JNB', 'CAI', 487, 6265),
('JNB', 'IST', 574, 7496),
('JNB', 'BEY', 519, 6711),
('JNB', 'BAH', 490, 6302),
('JNB', 'KWI', 504, 6506),
('JNB', 'MCT', 497, 6405),
('JNB', 'LCA', 526, 6808),
('JNB', 'LHR', 686, 9074),
('JNB', 'CDG', 662, 8737),
('JNB', 'FRA', 658, 8690),
('JNB', 'AMS', 681, 9017),
('JNB', 'FCO', 591, 7732),
('JNB', 'MAD', 617, 8106),
('JNB', 'BCN', 607, 7968),
('JNB', 'ATH', 549, 7139),
('JNB', 'VIE', 634, 8338),
('JNB', 'ZRH', 639, 8418),
('JNB', 'MUC', 641, 8444),
('JNB', 'CPH', 695, 9211),
('JNB', 'PRG', 651, 8589),
('JNB', 'JFK', 951, 12831),
('JNB', 'LAX', 1224, 16706),
('JNB', 'MIA', 961, 12971),
('JNB', 'ORD', 1035, 14018),
('JNB', 'SFO', 1243, 16978),
('JNB', 'YYZ', 989, 13369),
('JNB', 'GRU', 570, 7439),
('JNB', 'MEX', 1075, 14598),
('JNB', 'HND', 1000, 13523),
('JNB', 'NRT', 1004, 13583),
('JNB', 'SIN', 656, 8657),
('JNB', 'HKG', 799, 10675),
('JNB', 'PEK', 872, 11710),
('JNB', 'PVG', 877, 11787),
('JNB', 'ICN', 922, 12419),
('JNB', 'BKK', 680, 8997),
('JNB', 'DEL', 611, 8011),
('JNB', 'BOM', 537, 6964),
('JNB', 'SYD', 823, 11025),
('JNB', 'MEL', 773, 10320),
('JNB', 'CPT', 135, 1271),
('JNB', 'ADD', 332, 4068),
('JNB', 'NBO', 251, 2912),
('CPT', 'TLV', 577, 7532),
('CPT', 'DXB', 585, 7644),
('CPT', 'AUH', 576, 7529),
('CPT', 'DOH', 571, 7453),
('CPT', 'RUH', 553, 7193),
('CPT', 'JED', 508, 6560),
('CPT', 'AMM', 576, 7529),
('CPT', 'CAI', 557, 7253),
('CPT', 'IST', 640, 8431),
('CPT', 'BEY', 591, 7741),
('CPT', 'BAH', 575, 7503),
('CPT', 'KWI', 587, 7676),
('CPT', 'MCT', 585, 7653),
('CPT', 'LCA', 597, 7814),
('CPT', 'LHR', 728, 9681),
('CPT', 'CDG', 706, 9363),
('CPT', 'FRA', 708, 9394),
('CPT', 'AMS', 729, 9688),
('CPT', 'FCO', 642, 8450),
('CPT', 'MAD', 651, 8587),
('CPT', 'BCN', 648, 8538),
('CPT', 'ATH', 611, 8015),
('CPT', 'VIE', 689, 9129),
('CPT', 'ZRH', 688, 9110),
('CPT', 'MUC', 693, 9179),
('CPT', 'CPH', 749, 9978),
('CPT', 'PRG', 706, 9358),
('CPT', 'JFK', 932, 12561),
('CPT', 'LAX', 1180, 16080),
('CPT', 'MIA', 916, 12344),
('CPT', 'ORD', 1013, 13710),
('CPT', 'SFO', 1210, 16498),
('CPT', 'YYZ', 972, 13137),
('CPT', 'GRU', 493, 6351),
('CPT', 'MEX', 1013, 13711),
('CPT', 'HND', 1084, 14721),
('CPT', 'NRT', 1088, 14781),
('CPT', 'SIN', 727, 9668),
('CPT', 'HKG', 881, 11837),
('CPT', 'PEK', 960, 12968),
('CPT', 'PVG', 962, 12990),
('CPT', 'ICN', 1009, 13653),
('CPT', 'BKK', 761, 10149),
('CPT', 'DEL', 700, 9283),
('CPT', 'BOM', 626, 8233),
('CPT', 'SYD', 821, 10989),
('CPT', 'MEL', 772, 10304),
('CPT', 'JNB', 135, 1271),
('CPT', 'ADD', 414, 5230),
('CPT', 'NBO', 334, 4101),
('ADD', 'TLV', 228, 2593),
('ADD', 'DXB', 223, 2519),
('ADD', 'AUH', 215, 2404),
('ADD', 'DOH', 205, 2263),
('ADD', 'RUH', 184, 1964),
('ADD', 'JED', 145, 1413),
('ADD', 'AMM', 225, 2546),
('ADD', 'CAI', 220, 2474),
('ADD', 'IST', 308, 3725),
('ADD', 'BEY', 241, 2783),
('ADD', 'BAH', 207, 2292),
('ADD', 'KWI', 218, 2446),
('ADD', 'MCT', 231, 2633),
('ADD', 'LCA', 252, 2927),
('ADD', 'LHR', 463, 5919),
('ADD', 'CDG', 439, 5581),
('ADD', 'FRA', 423, 5350),
('ADD', 'AMS', 448, 5715),
('ADD', 'FCO', 361, 4481),
('ADD', 'MAD', 429, 5447),
('ADD', 'BCN', 404, 5087),
('ADD', 'ATH', 295, 3548),
('ADD', 'VIE', 386, 4825),
('ADD', 'ZRH', 408, 5139),
('ADD', 'MUC', 402, 5056),
('ADD', 'CPH', 445, 5670),
('ADD', 'PRG', 405, 5102),
('ADD', 'JFK', 836, 11200),
('ADD', 'LAX', 1081, 14671),
('ADD', 'MIA', 919, 12384),
('ADD', 'ORD', 905, 12181),
('ADD', 'SFO', 1067, 14476),
('ADD', 'YYZ', 857, 11501),
('ADD', 'GRU', 746, 9927),
('ADD', 'MEX', 1063, 14423),
('ADD', 'HND', 779, 10405),
('ADD', 'NRT', 783, 10453),
('ADD', 'SIN', 557, 7260),
('ADD', 'HKG', 617, 8107),
('ADD', 'PEK', 633, 8331),
('ADD', 'PVG', 668, 8831),
('ADD', 'ICN', 694, 9195),
('ADD', 'BKK', 522, 6758),
('ADD', 'DEL', 366, 4552),
('ADD', 'BOM', 316, 3834),
('ADD', 'SYD', 936, 12623),
('ADD', 'MEL', 894, 12025),
('ADD', 'JNB', 332, 4068),
('ADD', 'CPT', 414, 5230),
('ADD', 'NBO', 127, 1164),
('NBO', 'TLV', 307, 3712),
('NBO', 'DXB', 296, 3559),
('NBO', 'AUH', 288, 3443),
('NBO', 'DOH', 282, 3353),
('NBO', 'RUH', 264, 3106),
('NBO', 'JED', 226, 2569),
('NBO', 'AMM', 304, 3675),
('NBO', 'CAI', 295, 3545),
('NBO', 'IST', 384, 4808),
('NBO', 'BEY', 321, 3910),
('NBO', 'BAH', 285, 3402),
('NBO', 'KWI', 299, 3594),
('NBO', 'MCT', 300, 3606),
('NBO', 'LCA', 330, 4039),
('NBO', 'LHR', 528, 6841),
('NBO', 'CDG', 503, 6495),
('NBO', 'FRA', 491, 6317),
('NBO', 'AMS', 516, 6677),
('NBO', 'FCO', 426, 5400),
('NBO', 'MAD', 482, 6196),
('NBO', 'BCN', 461, 5898),
('NBO', 'ATH', 367, 4564),
('NBO', 'VIE', 457, 5838),
('NBO', 'ZRH', 474, 6083),
('NBO', 'MUC', 471, 6033),
('NBO', 'CPH', 518, 6704),
('NBO', 'PRG', 476, 6112),
('NBO', 'JFK', 881, 11837),
('NBO', 'LAX', 1144, 15573),
('NBO', 'MIA', 947, 12781),
('NBO', 'ORD', 956, 12910),
('NBO', 'SFO', 1136, 15457),
('NBO', 'YYZ', 907, 12212),
('NBO', 'GRU', 700, 9276),
('NBO', 'MEX', 1091, 14822),
('NBO', 'HND', 839, 11253),
('NBO', 'NRT', 843, 11306),
('NBO', 'SIN', 572, 7462),
('NBO', 'HKG', 661, 8728),
('NBO', 'PEK', 696, 9227),
('NBO', 'PVG', 722, 9597),
('NBO', 'ICN', 755, 10054),
('NBO', 'BKK', 555, 7225),
('NBO', 'DEL', 427, 5415),
('NBO', 'BOM', 365, 4533),
('NBO', 'SYD', 902, 12135),
('NBO', 'MEL', 855, 11482),
('NBO', 'JNB', 251, 2912),
('NBO', 'CPT', 334, 4101),
('NBO', 'ADD', 127, 1164);